product,date,value,chain
Oikos Caramelo,2020-01-01,0,LIDL
Oikos Caramelo,2020-01-01,0,Mercadona
Oikos Caramelo,2020-01-01,0,Carrefour
Oikos Caramelo,2020-01-01,0,Aldi
Oikos Avellana,2020-01-01,1063,LIDL
Oikos Avellana,2020-01-01,787,Mercadona
Oikos Avellana,2020-01-01,794,Carrefour
Oikos Avellana,2020-01-01,377,Aldi
4 Sabores,2020-01-01,1078,LIDL
4 Sabores,2020-01-01,689,Mercadona
4 Sabores,2020-01-01,1154,Carrefour
4 Sabores,2020-01-01,385,Aldi
Botella 500 ml,2020-01-01,1374,LIDL
Botella 500 ml,2020-01-01,626,Mercadona
Botella 500 ml,2020-01-01,1072,Carrefour
Botella 500 ml,2020-01-01,412,Aldi
Botella 1500ml,2020-01-01,1134,LIDL
Botella 1500ml,2020-01-01,800,Mercadona
Botella 1500ml,2020-01-01,938,Carrefour
Botella 1500ml,2020-01-01,368,Aldi
Oikos Caramelo,2020-01-02,0,LIDL
Oikos Caramelo,2020-01-02,0,Mercadona
Oikos Caramelo,2020-01-02,0,Carrefour
Oikos Caramelo,2020-01-02,0,Aldi
Oikos Avellana,2020-01-02,1099,LIDL
Oikos Avellana,2020-01-02,534,Mercadona
Oikos Avellana,2020-01-02,889,Carrefour
Oikos Avellana,2020-01-02,394,Aldi
4 Sabores,2020-01-02,1122,LIDL
4 Sabores,2020-01-02,655,Mercadona
4 Sabores,2020-01-02,857,Carrefour
4 Sabores,2020-01-02,462,Aldi
Botella 500 ml,2020-01-02,1178,LIDL
Botella 500 ml,2020-01-02,655,Mercadona
Botella 500 ml,2020-01-02,1012,Carrefour
Botella 500 ml,2020-01-02,441,Aldi
Botella 1500ml,2020-01-02,1444,LIDL
Botella 1500ml,2020-01-02,681,Mercadona
Botella 1500ml,2020-01-02,960,Carrefour
Botella 1500ml,2020-01-02,370,Aldi
Oikos Caramelo,2020-01-03,0,LIDL
Oikos Caramelo,2020-01-03,0,Mercadona
Oikos Caramelo,2020-01-03,0,Carrefour
Oikos Caramelo,2020-01-03,0,Aldi
Oikos Avellana,2020-01-03,1194,LIDL
Oikos Avellana,2020-01-03,758,Mercadona
Oikos Avellana,2020-01-03,962,Carrefour
Oikos Avellana,2020-01-03,438,Aldi
4 Sabores,2020-01-03,1246,LIDL
4 Sabores,2020-01-03,660,Mercadona
4 Sabores,2020-01-03,1092,Carrefour
4 Sabores,2020-01-03,382,Aldi
Botella 500 ml,2020-01-03,1201,LIDL
Botella 500 ml,2020-01-03,838,Mercadona
Botella 500 ml,2020-01-03,897,Carrefour
Botella 500 ml,2020-01-03,331,Aldi
Botella 1500ml,2020-01-03,1308,LIDL
Botella 1500ml,2020-01-03,628,Mercadona
Botella 1500ml,2020-01-03,878,Carrefour
Botella 1500ml,2020-01-03,383,Aldi
Oikos Caramelo,2020-01-04,0,LIDL
Oikos Caramelo,2020-01-04,0,Mercadona
Oikos Caramelo,2020-01-04,0,Carrefour
Oikos Caramelo,2020-01-04,0,Aldi
Oikos Avellana,2020-01-04,1275,LIDL
Oikos Avellana,2020-01-04,709,Mercadona
Oikos Avellana,2020-01-04,937,Carrefour
Oikos Avellana,2020-01-04,350,Aldi
4 Sabores,2020-01-04,1162,LIDL
4 Sabores,2020-01-04,669,Mercadona
4 Sabores,2020-01-04,1013,Carrefour
4 Sabores,2020-01-04,365,Aldi
Botella 500 ml,2020-01-04,1363,LIDL
Botella 500 ml,2020-01-04,710,Mercadona
Botella 500 ml,2020-01-04,995,Carrefour
Botella 500 ml,2020-01-04,360,Aldi
Botella 1500ml,2020-01-04,1410,LIDL
Botella 1500ml,2020-01-04,711,Mercadona
Botella 1500ml,2020-01-04,626,Carrefour
Botella 1500ml,2020-01-04,384,Aldi
Oikos Caramelo,2020-01-05,0,LIDL
Oikos Caramelo,2020-01-05,0,Mercadona
Oikos Caramelo,2020-01-05,0,Carrefour
Oikos Caramelo,2020-01-05,0,Aldi
Oikos Avellana,2020-01-05,1161,LIDL
Oikos Avellana,2020-01-05,667,Mercadona
Oikos Avellana,2020-01-05,964,Carrefour
Oikos Avellana,2020-01-05,424,Aldi
4 Sabores,2020-01-05,1021,LIDL
4 Sabores,2020-01-05,634,Mercadona
4 Sabores,2020-01-05,1010,Carrefour
4 Sabores,2020-01-05,393,Aldi
Botella 500 ml,2020-01-05,1101,LIDL
Botella 500 ml,2020-01-05,795,Mercadona
Botella 500 ml,2020-01-05,969,Carrefour
Botella 500 ml,2020-01-05,385,Aldi
Botella 1500ml,2020-01-05,1107,LIDL
Botella 1500ml,2020-01-05,712,Mercadona
Botella 1500ml,2020-01-05,706,Carrefour
Botella 1500ml,2020-01-05,365,Aldi
Oikos Caramelo,2020-01-06,0,LIDL
Oikos Caramelo,2020-01-06,0,Mercadona
Oikos Caramelo,2020-01-06,0,Carrefour
Oikos Caramelo,2020-01-06,0,Aldi
Oikos Avellana,2020-01-06,1413,LIDL
Oikos Avellana,2020-01-06,494,Mercadona
Oikos Avellana,2020-01-06,1049,Carrefour
Oikos Avellana,2020-01-06,283,Aldi
4 Sabores,2020-01-06,1039,LIDL
4 Sabores,2020-01-06,786,Mercadona
4 Sabores,2020-01-06,1126,Carrefour
4 Sabores,2020-01-06,436,Aldi
Botella 500 ml,2020-01-06,1206,LIDL
Botella 500 ml,2020-01-06,585,Mercadona
Botella 500 ml,2020-01-06,843,Carrefour
Botella 500 ml,2020-01-06,430,Aldi
Botella 1500ml,2020-01-06,1108,LIDL
Botella 1500ml,2020-01-06,735,Mercadona
Botella 1500ml,2020-01-06,1031,Carrefour
Botella 1500ml,2020-01-06,396,Aldi
Oikos Caramelo,2020-01-07,0,LIDL
Oikos Caramelo,2020-01-07,0,Mercadona
Oikos Caramelo,2020-01-07,0,Carrefour
Oikos Caramelo,2020-01-07,0,Aldi
Oikos Avellana,2020-01-07,1186,LIDL
Oikos Avellana,2020-01-07,599,Mercadona
Oikos Avellana,2020-01-07,1063,Carrefour
Oikos Avellana,2020-01-07,355,Aldi
4 Sabores,2020-01-07,1026,LIDL
4 Sabores,2020-01-07,662,Mercadona
4 Sabores,2020-01-07,1061,Carrefour
4 Sabores,2020-01-07,416,Aldi
Botella 500 ml,2020-01-07,1125,LIDL
Botella 500 ml,2020-01-07,643,Mercadona
Botella 500 ml,2020-01-07,1132,Carrefour
Botella 500 ml,2020-01-07,385,Aldi
Botella 1500ml,2020-01-07,1040,LIDL
Botella 1500ml,2020-01-07,640,Mercadona
Botella 1500ml,2020-01-07,914,Carrefour
Botella 1500ml,2020-01-07,389,Aldi
Oikos Caramelo,2020-01-08,0,LIDL
Oikos Caramelo,2020-01-08,0,Mercadona
Oikos Caramelo,2020-01-08,0,Carrefour
Oikos Caramelo,2020-01-08,0,Aldi
Oikos Avellana,2020-01-08,1064,LIDL
Oikos Avellana,2020-01-08,876,Mercadona
Oikos Avellana,2020-01-08,866,Carrefour
Oikos Avellana,2020-01-08,455,Aldi
4 Sabores,2020-01-08,1311,LIDL
4 Sabores,2020-01-08,720,Mercadona
4 Sabores,2020-01-08,1051,Carrefour
4 Sabores,2020-01-08,347,Aldi
Botella 500 ml,2020-01-08,1065,LIDL
Botella 500 ml,2020-01-08,718,Mercadona
Botella 500 ml,2020-01-08,1151,Carrefour
Botella 500 ml,2020-01-08,382,Aldi
Botella 1500ml,2020-01-08,1221,LIDL
Botella 1500ml,2020-01-08,721,Mercadona
Botella 1500ml,2020-01-08,1017,Carrefour
Botella 1500ml,2020-01-08,440,Aldi
Oikos Caramelo,2020-01-09,0,LIDL
Oikos Caramelo,2020-01-09,0,Mercadona
Oikos Caramelo,2020-01-09,0,Carrefour
Oikos Caramelo,2020-01-09,0,Aldi
Oikos Avellana,2020-01-09,1132,LIDL
Oikos Avellana,2020-01-09,778,Mercadona
Oikos Avellana,2020-01-09,1237,Carrefour
Oikos Avellana,2020-01-09,357,Aldi
4 Sabores,2020-01-09,1191,LIDL
4 Sabores,2020-01-09,572,Mercadona
4 Sabores,2020-01-09,843,Carrefour
4 Sabores,2020-01-09,394,Aldi
Botella 500 ml,2020-01-09,1296,LIDL
Botella 500 ml,2020-01-09,767,Mercadona
Botella 500 ml,2020-01-09,939,Carrefour
Botella 500 ml,2020-01-09,387,Aldi
Botella 1500ml,2020-01-09,1536,LIDL
Botella 1500ml,2020-01-09,801,Mercadona
Botella 1500ml,2020-01-09,1007,Carrefour
Botella 1500ml,2020-01-09,369,Aldi
Oikos Caramelo,2020-01-10,0,LIDL
Oikos Caramelo,2020-01-10,0,Mercadona
Oikos Caramelo,2020-01-10,0,Carrefour
Oikos Caramelo,2020-01-10,0,Aldi
Oikos Avellana,2020-01-10,1302,LIDL
Oikos Avellana,2020-01-10,725,Mercadona
Oikos Avellana,2020-01-10,1120,Carrefour
Oikos Avellana,2020-01-10,417,Aldi
4 Sabores,2020-01-10,1412,LIDL
4 Sabores,2020-01-10,663,Mercadona
4 Sabores,2020-01-10,1075,Carrefour
4 Sabores,2020-01-10,418,Aldi
Botella 500 ml,2020-01-10,1230,LIDL
Botella 500 ml,2020-01-10,729,Mercadona
Botella 500 ml,2020-01-10,992,Carrefour
Botella 500 ml,2020-01-10,394,Aldi
Botella 1500ml,2020-01-10,1230,LIDL
Botella 1500ml,2020-01-10,608,Mercadona
Botella 1500ml,2020-01-10,961,Carrefour
Botella 1500ml,2020-01-10,337,Aldi
Oikos Caramelo,2020-01-11,0,LIDL
Oikos Caramelo,2020-01-11,0,Mercadona
Oikos Caramelo,2020-01-11,0,Carrefour
Oikos Caramelo,2020-01-11,0,Aldi
Oikos Avellana,2020-01-11,1017,LIDL
Oikos Avellana,2020-01-11,763,Mercadona
Oikos Avellana,2020-01-11,845,Carrefour
Oikos Avellana,2020-01-11,382,Aldi
4 Sabores,2020-01-11,1012,LIDL
4 Sabores,2020-01-11,763,Mercadona
4 Sabores,2020-01-11,1052,Carrefour
4 Sabores,2020-01-11,393,Aldi
Botella 500 ml,2020-01-11,920,LIDL
Botella 500 ml,2020-01-11,676,Mercadona
Botella 500 ml,2020-01-11,1006,Carrefour
Botella 500 ml,2020-01-11,426,Aldi
Botella 1500ml,2020-01-11,1132,LIDL
Botella 1500ml,2020-01-11,835,Mercadona
Botella 1500ml,2020-01-11,1008,Carrefour
Botella 1500ml,2020-01-11,405,Aldi
Oikos Caramelo,2020-01-12,0,LIDL
Oikos Caramelo,2020-01-12,0,Mercadona
Oikos Caramelo,2020-01-12,0,Carrefour
Oikos Caramelo,2020-01-12,0,Aldi
Oikos Avellana,2020-01-12,1286,LIDL
Oikos Avellana,2020-01-12,789,Mercadona
Oikos Avellana,2020-01-12,1108,Carrefour
Oikos Avellana,2020-01-12,370,Aldi
4 Sabores,2020-01-12,1449,LIDL
4 Sabores,2020-01-12,697,Mercadona
4 Sabores,2020-01-12,1112,Carrefour
4 Sabores,2020-01-12,389,Aldi
Botella 500 ml,2020-01-12,1191,LIDL
Botella 500 ml,2020-01-12,750,Mercadona
Botella 500 ml,2020-01-12,923,Carrefour
Botella 500 ml,2020-01-12,347,Aldi
Botella 1500ml,2020-01-12,963,LIDL
Botella 1500ml,2020-01-12,694,Mercadona
Botella 1500ml,2020-01-12,990,Carrefour
Botella 1500ml,2020-01-12,412,Aldi
Oikos Caramelo,2020-01-13,0,LIDL
Oikos Caramelo,2020-01-13,0,Mercadona
Oikos Caramelo,2020-01-13,0,Carrefour
Oikos Caramelo,2020-01-13,0,Aldi
Oikos Avellana,2020-01-13,1215,LIDL
Oikos Avellana,2020-01-13,691,Mercadona
Oikos Avellana,2020-01-13,1072,Carrefour
Oikos Avellana,2020-01-13,295,Aldi
4 Sabores,2020-01-13,1335,LIDL
4 Sabores,2020-01-13,732,Mercadona
4 Sabores,2020-01-13,935,Carrefour
4 Sabores,2020-01-13,404,Aldi
Botella 500 ml,2020-01-13,1126,LIDL
Botella 500 ml,2020-01-13,749,Mercadona
Botella 500 ml,2020-01-13,752,Carrefour
Botella 500 ml,2020-01-13,460,Aldi
Botella 1500ml,2020-01-13,1172,LIDL
Botella 1500ml,2020-01-13,798,Mercadona
Botella 1500ml,2020-01-13,884,Carrefour
Botella 1500ml,2020-01-13,412,Aldi
Oikos Caramelo,2020-01-14,0,LIDL
Oikos Caramelo,2020-01-14,0,Mercadona
Oikos Caramelo,2020-01-14,0,Carrefour
Oikos Caramelo,2020-01-14,0,Aldi
Oikos Avellana,2020-01-14,1076,LIDL
Oikos Avellana,2020-01-14,755,Mercadona
Oikos Avellana,2020-01-14,1000,Carrefour
Oikos Avellana,2020-01-14,395,Aldi
4 Sabores,2020-01-14,1208,LIDL
4 Sabores,2020-01-14,634,Mercadona
4 Sabores,2020-01-14,1127,Carrefour
4 Sabores,2020-01-14,413,Aldi
Botella 500 ml,2020-01-14,1141,LIDL
Botella 500 ml,2020-01-14,679,Mercadona
Botella 500 ml,2020-01-14,953,Carrefour
Botella 500 ml,2020-01-14,388,Aldi
Botella 1500ml,2020-01-14,1195,LIDL
Botella 1500ml,2020-01-14,724,Mercadona
Botella 1500ml,2020-01-14,1009,Carrefour
Botella 1500ml,2020-01-14,411,Aldi
Oikos Caramelo,2020-01-15,0,LIDL
Oikos Caramelo,2020-01-15,0,Mercadona
Oikos Caramelo,2020-01-15,0,Carrefour
Oikos Caramelo,2020-01-15,0,Aldi
Oikos Avellana,2020-01-15,1196,LIDL
Oikos Avellana,2020-01-15,730,Mercadona
Oikos Avellana,2020-01-15,966,Carrefour
Oikos Avellana,2020-01-15,389,Aldi
4 Sabores,2020-01-15,1125,LIDL
4 Sabores,2020-01-15,774,Mercadona
4 Sabores,2020-01-15,833,Carrefour
4 Sabores,2020-01-15,383,Aldi
Botella 500 ml,2020-01-15,1292,LIDL
Botella 500 ml,2020-01-15,703,Mercadona
Botella 500 ml,2020-01-15,1032,Carrefour
Botella 500 ml,2020-01-15,405,Aldi
Botella 1500ml,2020-01-15,1362,LIDL
Botella 1500ml,2020-01-15,587,Mercadona
Botella 1500ml,2020-01-15,750,Carrefour
Botella 1500ml,2020-01-15,369,Aldi
Oikos Caramelo,2020-01-16,0,LIDL
Oikos Caramelo,2020-01-16,0,Mercadona
Oikos Caramelo,2020-01-16,0,Carrefour
Oikos Caramelo,2020-01-16,0,Aldi
Oikos Avellana,2020-01-16,1218,LIDL
Oikos Avellana,2020-01-16,725,Mercadona
Oikos Avellana,2020-01-16,1013,Carrefour
Oikos Avellana,2020-01-16,430,Aldi
4 Sabores,2020-01-16,1051,LIDL
4 Sabores,2020-01-16,775,Mercadona
4 Sabores,2020-01-16,1069,Carrefour
4 Sabores,2020-01-16,414,Aldi
Botella 500 ml,2020-01-16,962,LIDL
Botella 500 ml,2020-01-16,697,Mercadona
Botella 500 ml,2020-01-16,1148,Carrefour
Botella 500 ml,2020-01-16,373,Aldi
Botella 1500ml,2020-01-16,1096,LIDL
Botella 1500ml,2020-01-16,643,Mercadona
Botella 1500ml,2020-01-16,986,Carrefour
Botella 1500ml,2020-01-16,394,Aldi
Oikos Caramelo,2020-01-17,0,LIDL
Oikos Caramelo,2020-01-17,0,Mercadona
Oikos Caramelo,2020-01-17,0,Carrefour
Oikos Caramelo,2020-01-17,0,Aldi
Oikos Avellana,2020-01-17,1269,LIDL
Oikos Avellana,2020-01-17,690,Mercadona
Oikos Avellana,2020-01-17,968,Carrefour
Oikos Avellana,2020-01-17,424,Aldi
4 Sabores,2020-01-17,1417,LIDL
4 Sabores,2020-01-17,698,Mercadona
4 Sabores,2020-01-17,1049,Carrefour
4 Sabores,2020-01-17,402,Aldi
Botella 500 ml,2020-01-17,1167,LIDL
Botella 500 ml,2020-01-17,635,Mercadona
Botella 500 ml,2020-01-17,1070,Carrefour
Botella 500 ml,2020-01-17,410,Aldi
Botella 1500ml,2020-01-17,1461,LIDL
Botella 1500ml,2020-01-17,844,Mercadona
Botella 1500ml,2020-01-17,1019,Carrefour
Botella 1500ml,2020-01-17,418,Aldi
Oikos Caramelo,2020-01-18,0,LIDL
Oikos Caramelo,2020-01-18,0,Mercadona
Oikos Caramelo,2020-01-18,0,Carrefour
Oikos Caramelo,2020-01-18,0,Aldi
Oikos Avellana,2020-01-18,993,LIDL
Oikos Avellana,2020-01-18,676,Mercadona
Oikos Avellana,2020-01-18,1108,Carrefour
Oikos Avellana,2020-01-18,348,Aldi
4 Sabores,2020-01-18,1219,LIDL
4 Sabores,2020-01-18,682,Mercadona
4 Sabores,2020-01-18,1122,Carrefour
4 Sabores,2020-01-18,362,Aldi
Botella 500 ml,2020-01-18,1227,LIDL
Botella 500 ml,2020-01-18,622,Mercadona
Botella 500 ml,2020-01-18,916,Carrefour
Botella 500 ml,2020-01-18,382,Aldi
Botella 1500ml,2020-01-18,1405,LIDL
Botella 1500ml,2020-01-18,651,Mercadona
Botella 1500ml,2020-01-18,818,Carrefour
Botella 1500ml,2020-01-18,421,Aldi
Oikos Caramelo,2020-01-19,0,LIDL
Oikos Caramelo,2020-01-19,0,Mercadona
Oikos Caramelo,2020-01-19,0,Carrefour
Oikos Caramelo,2020-01-19,0,Aldi
Oikos Avellana,2020-01-19,962,LIDL
Oikos Avellana,2020-01-19,758,Mercadona
Oikos Avellana,2020-01-19,1086,Carrefour
Oikos Avellana,2020-01-19,385,Aldi
4 Sabores,2020-01-19,1213,LIDL
4 Sabores,2020-01-19,711,Mercadona
4 Sabores,2020-01-19,911,Carrefour
4 Sabores,2020-01-19,472,Aldi
Botella 500 ml,2020-01-19,1094,LIDL
Botella 500 ml,2020-01-19,642,Mercadona
Botella 500 ml,2020-01-19,1086,Carrefour
Botella 500 ml,2020-01-19,372,Aldi
Botella 1500ml,2020-01-19,1191,LIDL
Botella 1500ml,2020-01-19,812,Mercadona
Botella 1500ml,2020-01-19,946,Carrefour
Botella 1500ml,2020-01-19,415,Aldi
Oikos Caramelo,2020-01-20,0,LIDL
Oikos Caramelo,2020-01-20,0,Mercadona
Oikos Caramelo,2020-01-20,0,Carrefour
Oikos Caramelo,2020-01-20,0,Aldi
Oikos Avellana,2020-01-20,1166,LIDL
Oikos Avellana,2020-01-20,889,Mercadona
Oikos Avellana,2020-01-20,927,Carrefour
Oikos Avellana,2020-01-20,401,Aldi
4 Sabores,2020-01-20,1039,LIDL
4 Sabores,2020-01-20,688,Mercadona
4 Sabores,2020-01-20,883,Carrefour
4 Sabores,2020-01-20,396,Aldi
Botella 500 ml,2020-01-20,1296,LIDL
Botella 500 ml,2020-01-20,784,Mercadona
Botella 500 ml,2020-01-20,1057,Carrefour
Botella 500 ml,2020-01-20,402,Aldi
Botella 1500ml,2020-01-20,1173,LIDL
Botella 1500ml,2020-01-20,728,Mercadona
Botella 1500ml,2020-01-20,1004,Carrefour
Botella 1500ml,2020-01-20,423,Aldi
Oikos Caramelo,2020-01-21,0,LIDL
Oikos Caramelo,2020-01-21,0,Mercadona
Oikos Caramelo,2020-01-21,0,Carrefour
Oikos Caramelo,2020-01-21,0,Aldi
Oikos Avellana,2020-01-21,1004,LIDL
Oikos Avellana,2020-01-21,872,Mercadona
Oikos Avellana,2020-01-21,912,Carrefour
Oikos Avellana,2020-01-21,455,Aldi
4 Sabores,2020-01-21,994,LIDL
4 Sabores,2020-01-21,685,Mercadona
4 Sabores,2020-01-21,841,Carrefour
4 Sabores,2020-01-21,349,Aldi
Botella 500 ml,2020-01-21,1353,LIDL
Botella 500 ml,2020-01-21,653,Mercadona
Botella 500 ml,2020-01-21,1156,Carrefour
Botella 500 ml,2020-01-21,315,Aldi
Botella 1500ml,2020-01-21,1136,LIDL
Botella 1500ml,2020-01-21,632,Mercadona
Botella 1500ml,2020-01-21,825,Carrefour
Botella 1500ml,2020-01-21,389,Aldi
Oikos Caramelo,2020-01-22,0,LIDL
Oikos Caramelo,2020-01-22,0,Mercadona
Oikos Caramelo,2020-01-22,0,Carrefour
Oikos Caramelo,2020-01-22,0,Aldi
Oikos Avellana,2020-01-22,1272,LIDL
Oikos Avellana,2020-01-22,663,Mercadona
Oikos Avellana,2020-01-22,942,Carrefour
Oikos Avellana,2020-01-22,401,Aldi
4 Sabores,2020-01-22,1078,LIDL
4 Sabores,2020-01-22,789,Mercadona
4 Sabores,2020-01-22,1022,Carrefour
4 Sabores,2020-01-22,401,Aldi
Botella 500 ml,2020-01-22,1082,LIDL
Botella 500 ml,2020-01-22,722,Mercadona
Botella 500 ml,2020-01-22,848,Carrefour
Botella 500 ml,2020-01-22,478,Aldi
Botella 1500ml,2020-01-22,1146,LIDL
Botella 1500ml,2020-01-22,707,Mercadona
Botella 1500ml,2020-01-22,1006,Carrefour
Botella 1500ml,2020-01-22,338,Aldi
Oikos Caramelo,2020-01-23,0,LIDL
Oikos Caramelo,2020-01-23,0,Mercadona
Oikos Caramelo,2020-01-23,0,Carrefour
Oikos Caramelo,2020-01-23,0,Aldi
Oikos Avellana,2020-01-23,1041,LIDL
Oikos Avellana,2020-01-23,576,Mercadona
Oikos Avellana,2020-01-23,1122,Carrefour
Oikos Avellana,2020-01-23,361,Aldi
4 Sabores,2020-01-23,1231,LIDL
4 Sabores,2020-01-23,717,Mercadona
4 Sabores,2020-01-23,1127,Carrefour
4 Sabores,2020-01-23,388,Aldi
Botella 500 ml,2020-01-23,1219,LIDL
Botella 500 ml,2020-01-23,589,Mercadona
Botella 500 ml,2020-01-23,851,Carrefour
Botella 500 ml,2020-01-23,392,Aldi
Botella 1500ml,2020-01-23,1035,LIDL
Botella 1500ml,2020-01-23,742,Mercadona
Botella 1500ml,2020-01-23,960,Carrefour
Botella 1500ml,2020-01-23,425,Aldi
Oikos Caramelo,2020-01-24,0,LIDL
Oikos Caramelo,2020-01-24,0,Mercadona
Oikos Caramelo,2020-01-24,0,Carrefour
Oikos Caramelo,2020-01-24,0,Aldi
Oikos Avellana,2020-01-24,1083,LIDL
Oikos Avellana,2020-01-24,779,Mercadona
Oikos Avellana,2020-01-24,969,Carrefour
Oikos Avellana,2020-01-24,361,Aldi
4 Sabores,2020-01-24,1256,LIDL
4 Sabores,2020-01-24,622,Mercadona
4 Sabores,2020-01-24,1150,Carrefour
4 Sabores,2020-01-24,496,Aldi
Botella 500 ml,2020-01-24,1016,LIDL
Botella 500 ml,2020-01-24,766,Mercadona
Botella 500 ml,2020-01-24,1001,Carrefour
Botella 500 ml,2020-01-24,384,Aldi
Botella 1500ml,2020-01-24,1304,LIDL
Botella 1500ml,2020-01-24,773,Mercadona
Botella 1500ml,2020-01-24,1047,Carrefour
Botella 1500ml,2020-01-24,364,Aldi
Oikos Caramelo,2020-01-25,0,LIDL
Oikos Caramelo,2020-01-25,0,Mercadona
Oikos Caramelo,2020-01-25,0,Carrefour
Oikos Caramelo,2020-01-25,0,Aldi
Oikos Avellana,2020-01-25,1166,LIDL
Oikos Avellana,2020-01-25,679,Mercadona
Oikos Avellana,2020-01-25,1059,Carrefour
Oikos Avellana,2020-01-25,418,Aldi
4 Sabores,2020-01-25,1292,LIDL
4 Sabores,2020-01-25,697,Mercadona
4 Sabores,2020-01-25,1058,Carrefour
4 Sabores,2020-01-25,383,Aldi
Botella 500 ml,2020-01-25,1288,LIDL
Botella 500 ml,2020-01-25,892,Mercadona
Botella 500 ml,2020-01-25,986,Carrefour
Botella 500 ml,2020-01-25,430,Aldi
Botella 1500ml,2020-01-25,1188,LIDL
Botella 1500ml,2020-01-25,760,Mercadona
Botella 1500ml,2020-01-25,1052,Carrefour
Botella 1500ml,2020-01-25,440,Aldi
Oikos Caramelo,2020-01-26,0,LIDL
Oikos Caramelo,2020-01-26,0,Mercadona
Oikos Caramelo,2020-01-26,0,Carrefour
Oikos Caramelo,2020-01-26,0,Aldi
Oikos Avellana,2020-01-26,1132,LIDL
Oikos Avellana,2020-01-26,819,Mercadona
Oikos Avellana,2020-01-26,976,Carrefour
Oikos Avellana,2020-01-26,372,Aldi
4 Sabores,2020-01-26,1239,LIDL
4 Sabores,2020-01-26,641,Mercadona
4 Sabores,2020-01-26,984,Carrefour
4 Sabores,2020-01-26,382,Aldi
Botella 500 ml,2020-01-26,1275,LIDL
Botella 500 ml,2020-01-26,691,Mercadona
Botella 500 ml,2020-01-26,955,Carrefour
Botella 500 ml,2020-01-26,437,Aldi
Botella 1500ml,2020-01-26,952,LIDL
Botella 1500ml,2020-01-26,630,Mercadona
Botella 1500ml,2020-01-26,800,Carrefour
Botella 1500ml,2020-01-26,380,Aldi
Oikos Caramelo,2020-01-27,0,LIDL
Oikos Caramelo,2020-01-27,0,Mercadona
Oikos Caramelo,2020-01-27,0,Carrefour
Oikos Caramelo,2020-01-27,0,Aldi
Oikos Avellana,2020-01-27,1285,LIDL
Oikos Avellana,2020-01-27,575,Mercadona
Oikos Avellana,2020-01-27,988,Carrefour
Oikos Avellana,2020-01-27,462,Aldi
4 Sabores,2020-01-27,1104,LIDL
4 Sabores,2020-01-27,678,Mercadona
4 Sabores,2020-01-27,1005,Carrefour
4 Sabores,2020-01-27,356,Aldi
Botella 500 ml,2020-01-27,1138,LIDL
Botella 500 ml,2020-01-27,791,Mercadona
Botella 500 ml,2020-01-27,791,Carrefour
Botella 500 ml,2020-01-27,403,Aldi
Botella 1500ml,2020-01-27,1274,LIDL
Botella 1500ml,2020-01-27,656,Mercadona
Botella 1500ml,2020-01-27,1062,Carrefour
Botella 1500ml,2020-01-27,430,Aldi
Oikos Caramelo,2020-01-28,0,LIDL
Oikos Caramelo,2020-01-28,0,Mercadona
Oikos Caramelo,2020-01-28,0,Carrefour
Oikos Caramelo,2020-01-28,0,Aldi
Oikos Avellana,2020-01-28,1214,LIDL
Oikos Avellana,2020-01-28,659,Mercadona
Oikos Avellana,2020-01-28,1019,Carrefour
Oikos Avellana,2020-01-28,410,Aldi
4 Sabores,2020-01-28,1348,LIDL
4 Sabores,2020-01-28,725,Mercadona
4 Sabores,2020-01-28,1032,Carrefour
4 Sabores,2020-01-28,351,Aldi
Botella 500 ml,2020-01-28,908,LIDL
Botella 500 ml,2020-01-28,769,Mercadona
Botella 500 ml,2020-01-28,1086,Carrefour
Botella 500 ml,2020-01-28,403,Aldi
Botella 1500ml,2020-01-28,1250,LIDL
Botella 1500ml,2020-01-28,618,Mercadona
Botella 1500ml,2020-01-28,1154,Carrefour
Botella 1500ml,2020-01-28,359,Aldi
Oikos Caramelo,2020-01-29,0,LIDL
Oikos Caramelo,2020-01-29,0,Mercadona
Oikos Caramelo,2020-01-29,0,Carrefour
Oikos Caramelo,2020-01-29,0,Aldi
Oikos Avellana,2020-01-29,1135,LIDL
Oikos Avellana,2020-01-29,700,Mercadona
Oikos Avellana,2020-01-29,1055,Carrefour
Oikos Avellana,2020-01-29,432,Aldi
4 Sabores,2020-01-29,1236,LIDL
4 Sabores,2020-01-29,658,Mercadona
4 Sabores,2020-01-29,931,Carrefour
4 Sabores,2020-01-29,354,Aldi
Botella 500 ml,2020-01-29,1090,LIDL
Botella 500 ml,2020-01-29,755,Mercadona
Botella 500 ml,2020-01-29,864,Carrefour
Botella 500 ml,2020-01-29,433,Aldi
Botella 1500ml,2020-01-29,1104,LIDL
Botella 1500ml,2020-01-29,681,Mercadona
Botella 1500ml,2020-01-29,1071,Carrefour
Botella 1500ml,2020-01-29,400,Aldi
Oikos Caramelo,2020-01-30,0,LIDL
Oikos Caramelo,2020-01-30,0,Mercadona
Oikos Caramelo,2020-01-30,0,Carrefour
Oikos Caramelo,2020-01-30,0,Aldi
Oikos Avellana,2020-01-30,1305,LIDL
Oikos Avellana,2020-01-30,761,Mercadona
Oikos Avellana,2020-01-30,991,Carrefour
Oikos Avellana,2020-01-30,404,Aldi
4 Sabores,2020-01-30,1047,LIDL
4 Sabores,2020-01-30,751,Mercadona
4 Sabores,2020-01-30,920,Carrefour
4 Sabores,2020-01-30,417,Aldi
Botella 500 ml,2020-01-30,1215,LIDL
Botella 500 ml,2020-01-30,568,Mercadona
Botella 500 ml,2020-01-30,966,Carrefour
Botella 500 ml,2020-01-30,390,Aldi
Botella 1500ml,2020-01-30,1273,LIDL
Botella 1500ml,2020-01-30,684,Mercadona
Botella 1500ml,2020-01-30,1024,Carrefour
Botella 1500ml,2020-01-30,386,Aldi
Oikos Caramelo,2020-01-31,0,LIDL
Oikos Caramelo,2020-01-31,0,Mercadona
Oikos Caramelo,2020-01-31,0,Carrefour
Oikos Caramelo,2020-01-31,0,Aldi
Oikos Avellana,2020-01-31,1209,LIDL
Oikos Avellana,2020-01-31,697,Mercadona
Oikos Avellana,2020-01-31,848,Carrefour
Oikos Avellana,2020-01-31,381,Aldi
4 Sabores,2020-01-31,1120,LIDL
4 Sabores,2020-01-31,646,Mercadona
4 Sabores,2020-01-31,963,Carrefour
4 Sabores,2020-01-31,366,Aldi
Botella 500 ml,2020-01-31,1078,LIDL
Botella 500 ml,2020-01-31,710,Mercadona
Botella 500 ml,2020-01-31,978,Carrefour
Botella 500 ml,2020-01-31,426,Aldi
Botella 1500ml,2020-01-31,1350,LIDL
Botella 1500ml,2020-01-31,590,Mercadona
Botella 1500ml,2020-01-31,973,Carrefour
Botella 1500ml,2020-01-31,401,Aldi
Oikos Caramelo,2020-02-01,0,LIDL
Oikos Caramelo,2020-02-01,0,Mercadona
Oikos Caramelo,2020-02-01,0,Carrefour
Oikos Caramelo,2020-02-01,0,Aldi
Oikos Avellana,2020-02-01,1150,LIDL
Oikos Avellana,2020-02-01,695,Mercadona
Oikos Avellana,2020-02-01,1019,Carrefour
Oikos Avellana,2020-02-01,348,Aldi
4 Sabores,2020-02-01,1171,LIDL
4 Sabores,2020-02-01,776,Mercadona
4 Sabores,2020-02-01,940,Carrefour
4 Sabores,2020-02-01,416,Aldi
Botella 500 ml,2020-02-01,1136,LIDL
Botella 500 ml,2020-02-01,523,Mercadona
Botella 500 ml,2020-02-01,910,Carrefour
Botella 500 ml,2020-02-01,443,Aldi
Botella 1500ml,2020-02-01,1058,LIDL
Botella 1500ml,2020-02-01,659,Mercadona
Botella 1500ml,2020-02-01,1048,Carrefour
Botella 1500ml,2020-02-01,347,Aldi
Oikos Caramelo,2020-02-02,0,LIDL
Oikos Caramelo,2020-02-02,0,Mercadona
Oikos Caramelo,2020-02-02,0,Carrefour
Oikos Caramelo,2020-02-02,0,Aldi
Oikos Avellana,2020-02-02,1130,LIDL
Oikos Avellana,2020-02-02,707,Mercadona
Oikos Avellana,2020-02-02,904,Carrefour
Oikos Avellana,2020-02-02,399,Aldi
4 Sabores,2020-02-02,925,LIDL
4 Sabores,2020-02-02,708,Mercadona
4 Sabores,2020-02-02,906,Carrefour
4 Sabores,2020-02-02,300,Aldi
Botella 500 ml,2020-02-02,1359,LIDL
Botella 500 ml,2020-02-02,620,Mercadona
Botella 500 ml,2020-02-02,1005,Carrefour
Botella 500 ml,2020-02-02,357,Aldi
Botella 1500ml,2020-02-02,1173,LIDL
Botella 1500ml,2020-02-02,707,Mercadona
Botella 1500ml,2020-02-02,1165,Carrefour
Botella 1500ml,2020-02-02,393,Aldi
Oikos Caramelo,2020-02-03,0,LIDL
Oikos Caramelo,2020-02-03,0,Mercadona
Oikos Caramelo,2020-02-03,0,Carrefour
Oikos Caramelo,2020-02-03,0,Aldi
Oikos Avellana,2020-02-03,1278,LIDL
Oikos Avellana,2020-02-03,700,Mercadona
Oikos Avellana,2020-02-03,955,Carrefour
Oikos Avellana,2020-02-03,398,Aldi
4 Sabores,2020-02-03,1255,LIDL
4 Sabores,2020-02-03,689,Mercadona
4 Sabores,2020-02-03,925,Carrefour
4 Sabores,2020-02-03,432,Aldi
Botella 500 ml,2020-02-03,1330,LIDL
Botella 500 ml,2020-02-03,648,Mercadona
Botella 500 ml,2020-02-03,884,Carrefour
Botella 500 ml,2020-02-03,436,Aldi
Botella 1500ml,2020-02-03,1303,LIDL
Botella 1500ml,2020-02-03,641,Mercadona
Botella 1500ml,2020-02-03,999,Carrefour
Botella 1500ml,2020-02-03,437,Aldi
Oikos Caramelo,2020-02-04,0,LIDL
Oikos Caramelo,2020-02-04,0,Mercadona
Oikos Caramelo,2020-02-04,0,Carrefour
Oikos Caramelo,2020-02-04,0,Aldi
Oikos Avellana,2020-02-04,1160,LIDL
Oikos Avellana,2020-02-04,672,Mercadona
Oikos Avellana,2020-02-04,967,Carrefour
Oikos Avellana,2020-02-04,424,Aldi
4 Sabores,2020-02-04,1070,LIDL
4 Sabores,2020-02-04,725,Mercadona
4 Sabores,2020-02-04,1061,Carrefour
4 Sabores,2020-02-04,366,Aldi
Botella 500 ml,2020-02-04,1135,LIDL
Botella 500 ml,2020-02-04,672,Mercadona
Botella 500 ml,2020-02-04,963,Carrefour
Botella 500 ml,2020-02-04,350,Aldi
Botella 1500ml,2020-02-04,1092,LIDL
Botella 1500ml,2020-02-04,751,Mercadona
Botella 1500ml,2020-02-04,942,Carrefour
Botella 1500ml,2020-02-04,399,Aldi
Oikos Caramelo,2020-02-05,0,LIDL
Oikos Caramelo,2020-02-05,0,Mercadona
Oikos Caramelo,2020-02-05,0,Carrefour
Oikos Caramelo,2020-02-05,0,Aldi
Oikos Avellana,2020-02-05,913,LIDL
Oikos Avellana,2020-02-05,681,Mercadona
Oikos Avellana,2020-02-05,1176,Carrefour
Oikos Avellana,2020-02-05,427,Aldi
4 Sabores,2020-02-05,1240,LIDL
4 Sabores,2020-02-05,648,Mercadona
4 Sabores,2020-02-05,834,Carrefour
4 Sabores,2020-02-05,370,Aldi
Botella 500 ml,2020-02-05,1282,LIDL
Botella 500 ml,2020-02-05,809,Mercadona
Botella 500 ml,2020-02-05,965,Carrefour
Botella 500 ml,2020-02-05,398,Aldi
Botella 1500ml,2020-02-05,1053,LIDL
Botella 1500ml,2020-02-05,735,Mercadona
Botella 1500ml,2020-02-05,1062,Carrefour
Botella 1500ml,2020-02-05,412,Aldi
Oikos Caramelo,2020-02-06,0,LIDL
Oikos Caramelo,2020-02-06,0,Mercadona
Oikos Caramelo,2020-02-06,0,Carrefour
Oikos Caramelo,2020-02-06,0,Aldi
Oikos Avellana,2020-02-06,1150,LIDL
Oikos Avellana,2020-02-06,686,Mercadona
Oikos Avellana,2020-02-06,1044,Carrefour
Oikos Avellana,2020-02-06,294,Aldi
4 Sabores,2020-02-06,1096,LIDL
4 Sabores,2020-02-06,729,Mercadona
4 Sabores,2020-02-06,1045,Carrefour
4 Sabores,2020-02-06,451,Aldi
Botella 500 ml,2020-02-06,1336,LIDL
Botella 500 ml,2020-02-06,728,Mercadona
Botella 500 ml,2020-02-06,1088,Carrefour
Botella 500 ml,2020-02-06,438,Aldi
Botella 1500ml,2020-02-06,838,LIDL
Botella 1500ml,2020-02-06,686,Mercadona
Botella 1500ml,2020-02-06,933,Carrefour
Botella 1500ml,2020-02-06,338,Aldi
Oikos Caramelo,2020-02-07,0,LIDL
Oikos Caramelo,2020-02-07,0,Mercadona
Oikos Caramelo,2020-02-07,0,Carrefour
Oikos Caramelo,2020-02-07,0,Aldi
Oikos Avellana,2020-02-07,1262,LIDL
Oikos Avellana,2020-02-07,732,Mercadona
Oikos Avellana,2020-02-07,961,Carrefour
Oikos Avellana,2020-02-07,377,Aldi
4 Sabores,2020-02-07,1262,LIDL
4 Sabores,2020-02-07,607,Mercadona
4 Sabores,2020-02-07,1105,Carrefour
4 Sabores,2020-02-07,426,Aldi
Botella 500 ml,2020-02-07,1195,LIDL
Botella 500 ml,2020-02-07,676,Mercadona
Botella 500 ml,2020-02-07,1052,Carrefour
Botella 500 ml,2020-02-07,396,Aldi
Botella 1500ml,2020-02-07,1300,LIDL
Botella 1500ml,2020-02-07,651,Mercadona
Botella 1500ml,2020-02-07,877,Carrefour
Botella 1500ml,2020-02-07,374,Aldi
Oikos Caramelo,2020-02-08,0,LIDL
Oikos Caramelo,2020-02-08,0,Mercadona
Oikos Caramelo,2020-02-08,0,Carrefour
Oikos Caramelo,2020-02-08,0,Aldi
Oikos Avellana,2020-02-08,1383,LIDL
Oikos Avellana,2020-02-08,716,Mercadona
Oikos Avellana,2020-02-08,854,Carrefour
Oikos Avellana,2020-02-08,421,Aldi
4 Sabores,2020-02-08,1279,LIDL
4 Sabores,2020-02-08,700,Mercadona
4 Sabores,2020-02-08,1033,Carrefour
4 Sabores,2020-02-08,391,Aldi
Botella 500 ml,2020-02-08,1093,LIDL
Botella 500 ml,2020-02-08,742,Mercadona
Botella 500 ml,2020-02-08,1041,Carrefour
Botella 500 ml,2020-02-08,388,Aldi
Botella 1500ml,2020-02-08,1105,LIDL
Botella 1500ml,2020-02-08,667,Mercadona
Botella 1500ml,2020-02-08,845,Carrefour
Botella 1500ml,2020-02-08,419,Aldi
Oikos Caramelo,2020-02-09,0,LIDL
Oikos Caramelo,2020-02-09,0,Mercadona
Oikos Caramelo,2020-02-09,0,Carrefour
Oikos Caramelo,2020-02-09,0,Aldi
Oikos Avellana,2020-02-09,1286,LIDL
Oikos Avellana,2020-02-09,715,Mercadona
Oikos Avellana,2020-02-09,968,Carrefour
Oikos Avellana,2020-02-09,439,Aldi
4 Sabores,2020-02-09,1267,LIDL
4 Sabores,2020-02-09,716,Mercadona
4 Sabores,2020-02-09,1135,Carrefour
4 Sabores,2020-02-09,416,Aldi
Botella 500 ml,2020-02-09,1246,LIDL
Botella 500 ml,2020-02-09,672,Mercadona
Botella 500 ml,2020-02-09,942,Carrefour
Botella 500 ml,2020-02-09,375,Aldi
Botella 1500ml,2020-02-09,1224,LIDL
Botella 1500ml,2020-02-09,620,Mercadona
Botella 1500ml,2020-02-09,1103,Carrefour
Botella 1500ml,2020-02-09,406,Aldi
Oikos Caramelo,2020-02-10,0,LIDL
Oikos Caramelo,2020-02-10,0,Mercadona
Oikos Caramelo,2020-02-10,0,Carrefour
Oikos Caramelo,2020-02-10,0,Aldi
Oikos Avellana,2020-02-10,1171,LIDL
Oikos Avellana,2020-02-10,574,Mercadona
Oikos Avellana,2020-02-10,1079,Carrefour
Oikos Avellana,2020-02-10,372,Aldi
4 Sabores,2020-02-10,1108,LIDL
4 Sabores,2020-02-10,764,Mercadona
4 Sabores,2020-02-10,892,Carrefour
4 Sabores,2020-02-10,420,Aldi
Botella 500 ml,2020-02-10,1111,LIDL
Botella 500 ml,2020-02-10,595,Mercadona
Botella 500 ml,2020-02-10,993,Carrefour
Botella 500 ml,2020-02-10,385,Aldi
Botella 1500ml,2020-02-10,883,LIDL
Botella 1500ml,2020-02-10,543,Mercadona
Botella 1500ml,2020-02-10,959,Carrefour
Botella 1500ml,2020-02-10,482,Aldi
Oikos Caramelo,2020-02-11,0,LIDL
Oikos Caramelo,2020-02-11,0,Mercadona
Oikos Caramelo,2020-02-11,0,Carrefour
Oikos Caramelo,2020-02-11,0,Aldi
Oikos Avellana,2020-02-11,1178,LIDL
Oikos Avellana,2020-02-11,653,Mercadona
Oikos Avellana,2020-02-11,911,Carrefour
Oikos Avellana,2020-02-11,363,Aldi
4 Sabores,2020-02-11,1074,LIDL
4 Sabores,2020-02-11,747,Mercadona
4 Sabores,2020-02-11,962,Carrefour
4 Sabores,2020-02-11,374,Aldi
Botella 500 ml,2020-02-11,1092,LIDL
Botella 500 ml,2020-02-11,760,Mercadona
Botella 500 ml,2020-02-11,939,Carrefour
Botella 500 ml,2020-02-11,358,Aldi
Botella 1500ml,2020-02-11,1449,LIDL
Botella 1500ml,2020-02-11,667,Mercadona
Botella 1500ml,2020-02-11,998,Carrefour
Botella 1500ml,2020-02-11,362,Aldi
Oikos Caramelo,2020-02-12,0,LIDL
Oikos Caramelo,2020-02-12,0,Mercadona
Oikos Caramelo,2020-02-12,0,Carrefour
Oikos Caramelo,2020-02-12,0,Aldi
Oikos Avellana,2020-02-12,1270,LIDL
Oikos Avellana,2020-02-12,597,Mercadona
Oikos Avellana,2020-02-12,1012,Carrefour
Oikos Avellana,2020-02-12,376,Aldi
4 Sabores,2020-02-12,1221,LIDL
4 Sabores,2020-02-12,795,Mercadona
4 Sabores,2020-02-12,973,Carrefour
4 Sabores,2020-02-12,362,Aldi
Botella 500 ml,2020-02-12,1230,LIDL
Botella 500 ml,2020-02-12,634,Mercadona
Botella 500 ml,2020-02-12,1000,Carrefour
Botella 500 ml,2020-02-12,434,Aldi
Botella 1500ml,2020-02-12,1224,LIDL
Botella 1500ml,2020-02-12,732,Mercadona
Botella 1500ml,2020-02-12,896,Carrefour
Botella 1500ml,2020-02-12,337,Aldi
Oikos Caramelo,2020-02-13,0,LIDL
Oikos Caramelo,2020-02-13,0,Mercadona
Oikos Caramelo,2020-02-13,0,Carrefour
Oikos Caramelo,2020-02-13,0,Aldi
Oikos Avellana,2020-02-13,1359,LIDL
Oikos Avellana,2020-02-13,644,Mercadona
Oikos Avellana,2020-02-13,923,Carrefour
Oikos Avellana,2020-02-13,404,Aldi
4 Sabores,2020-02-13,1180,LIDL
4 Sabores,2020-02-13,800,Mercadona
4 Sabores,2020-02-13,995,Carrefour
4 Sabores,2020-02-13,379,Aldi
Botella 500 ml,2020-02-13,1143,LIDL
Botella 500 ml,2020-02-13,589,Mercadona
Botella 500 ml,2020-02-13,1035,Carrefour
Botella 500 ml,2020-02-13,410,Aldi
Botella 1500ml,2020-02-13,1128,LIDL
Botella 1500ml,2020-02-13,744,Mercadona
Botella 1500ml,2020-02-13,1021,Carrefour
Botella 1500ml,2020-02-13,349,Aldi
Oikos Caramelo,2020-02-14,0,LIDL
Oikos Caramelo,2020-02-14,0,Mercadona
Oikos Caramelo,2020-02-14,0,Carrefour
Oikos Caramelo,2020-02-14,0,Aldi
Oikos Avellana,2020-02-14,1153,LIDL
Oikos Avellana,2020-02-14,533,Mercadona
Oikos Avellana,2020-02-14,894,Carrefour
Oikos Avellana,2020-02-14,329,Aldi
4 Sabores,2020-02-14,1291,LIDL
4 Sabores,2020-02-14,791,Mercadona
4 Sabores,2020-02-14,983,Carrefour
4 Sabores,2020-02-14,399,Aldi
Botella 500 ml,2020-02-14,1315,LIDL
Botella 500 ml,2020-02-14,585,Mercadona
Botella 500 ml,2020-02-14,1033,Carrefour
Botella 500 ml,2020-02-14,358,Aldi
Botella 1500ml,2020-02-14,1377,LIDL
Botella 1500ml,2020-02-14,725,Mercadona
Botella 1500ml,2020-02-14,815,Carrefour
Botella 1500ml,2020-02-14,433,Aldi
Oikos Caramelo,2020-02-15,0,LIDL
Oikos Caramelo,2020-02-15,0,Mercadona
Oikos Caramelo,2020-02-15,0,Carrefour
Oikos Caramelo,2020-02-15,0,Aldi
Oikos Avellana,2020-02-15,1305,LIDL
Oikos Avellana,2020-02-15,658,Mercadona
Oikos Avellana,2020-02-15,1124,Carrefour
Oikos Avellana,2020-02-15,391,Aldi
4 Sabores,2020-02-15,1317,LIDL
4 Sabores,2020-02-15,723,Mercadona
4 Sabores,2020-02-15,1009,Carrefour
4 Sabores,2020-02-15,345,Aldi
Botella 500 ml,2020-02-15,1263,LIDL
Botella 500 ml,2020-02-15,751,Mercadona
Botella 500 ml,2020-02-15,1132,Carrefour
Botella 500 ml,2020-02-15,376,Aldi
Botella 1500ml,2020-02-15,1275,LIDL
Botella 1500ml,2020-02-15,690,Mercadona
Botella 1500ml,2020-02-15,1120,Carrefour
Botella 1500ml,2020-02-15,451,Aldi
Oikos Caramelo,2020-02-16,0,LIDL
Oikos Caramelo,2020-02-16,0,Mercadona
Oikos Caramelo,2020-02-16,0,Carrefour
Oikos Caramelo,2020-02-16,0,Aldi
Oikos Avellana,2020-02-16,1147,LIDL
Oikos Avellana,2020-02-16,774,Mercadona
Oikos Avellana,2020-02-16,1005,Carrefour
Oikos Avellana,2020-02-16,402,Aldi
4 Sabores,2020-02-16,962,LIDL
4 Sabores,2020-02-16,804,Mercadona
4 Sabores,2020-02-16,1055,Carrefour
4 Sabores,2020-02-16,389,Aldi
Botella 500 ml,2020-02-16,1233,LIDL
Botella 500 ml,2020-02-16,707,Mercadona
Botella 500 ml,2020-02-16,986,Carrefour
Botella 500 ml,2020-02-16,350,Aldi
Botella 1500ml,2020-02-16,1088,LIDL
Botella 1500ml,2020-02-16,711,Mercadona
Botella 1500ml,2020-02-16,1050,Carrefour
Botella 1500ml,2020-02-16,434,Aldi
Oikos Caramelo,2020-02-17,0,LIDL
Oikos Caramelo,2020-02-17,0,Mercadona
Oikos Caramelo,2020-02-17,0,Carrefour
Oikos Caramelo,2020-02-17,0,Aldi
Oikos Avellana,2020-02-17,1303,LIDL
Oikos Avellana,2020-02-17,606,Mercadona
Oikos Avellana,2020-02-17,1048,Carrefour
Oikos Avellana,2020-02-17,400,Aldi
4 Sabores,2020-02-17,1154,LIDL
4 Sabores,2020-02-17,686,Mercadona
4 Sabores,2020-02-17,854,Carrefour
4 Sabores,2020-02-17,384,Aldi
Botella 500 ml,2020-02-17,1317,LIDL
Botella 500 ml,2020-02-17,594,Mercadona
Botella 500 ml,2020-02-17,1019,Carrefour
Botella 500 ml,2020-02-17,378,Aldi
Botella 1500ml,2020-02-17,1332,LIDL
Botella 1500ml,2020-02-17,723,Mercadona
Botella 1500ml,2020-02-17,1100,Carrefour
Botella 1500ml,2020-02-17,342,Aldi
Oikos Caramelo,2020-02-18,0,LIDL
Oikos Caramelo,2020-02-18,0,Mercadona
Oikos Caramelo,2020-02-18,0,Carrefour
Oikos Caramelo,2020-02-18,0,Aldi
Oikos Avellana,2020-02-18,1018,LIDL
Oikos Avellana,2020-02-18,723,Mercadona
Oikos Avellana,2020-02-18,932,Carrefour
Oikos Avellana,2020-02-18,467,Aldi
4 Sabores,2020-02-18,1198,LIDL
4 Sabores,2020-02-18,579,Mercadona
4 Sabores,2020-02-18,1088,Carrefour
4 Sabores,2020-02-18,434,Aldi
Botella 500 ml,2020-02-18,1244,LIDL
Botella 500 ml,2020-02-18,861,Mercadona
Botella 500 ml,2020-02-18,1123,Carrefour
Botella 500 ml,2020-02-18,394,Aldi
Botella 1500ml,2020-02-18,997,LIDL
Botella 1500ml,2020-02-18,716,Mercadona
Botella 1500ml,2020-02-18,1035,Carrefour
Botella 1500ml,2020-02-18,315,Aldi
Oikos Caramelo,2020-02-19,0,LIDL
Oikos Caramelo,2020-02-19,0,Mercadona
Oikos Caramelo,2020-02-19,0,Carrefour
Oikos Caramelo,2020-02-19,0,Aldi
Oikos Avellana,2020-02-19,1041,LIDL
Oikos Avellana,2020-02-19,634,Mercadona
Oikos Avellana,2020-02-19,934,Carrefour
Oikos Avellana,2020-02-19,482,Aldi
4 Sabores,2020-02-19,1264,LIDL
4 Sabores,2020-02-19,683,Mercadona
4 Sabores,2020-02-19,930,Carrefour
4 Sabores,2020-02-19,289,Aldi
Botella 500 ml,2020-02-19,1100,LIDL
Botella 500 ml,2020-02-19,732,Mercadona
Botella 500 ml,2020-02-19,1142,Carrefour
Botella 500 ml,2020-02-19,370,Aldi
Botella 1500ml,2020-02-19,1231,LIDL
Botella 1500ml,2020-02-19,686,Mercadona
Botella 1500ml,2020-02-19,1030,Carrefour
Botella 1500ml,2020-02-19,318,Aldi
Oikos Caramelo,2020-02-20,0,LIDL
Oikos Caramelo,2020-02-20,0,Mercadona
Oikos Caramelo,2020-02-20,0,Carrefour
Oikos Caramelo,2020-02-20,0,Aldi
Oikos Avellana,2020-02-20,1352,LIDL
Oikos Avellana,2020-02-20,839,Mercadona
Oikos Avellana,2020-02-20,937,Carrefour
Oikos Avellana,2020-02-20,419,Aldi
4 Sabores,2020-02-20,1149,LIDL
4 Sabores,2020-02-20,632,Mercadona
4 Sabores,2020-02-20,804,Carrefour
4 Sabores,2020-02-20,410,Aldi
Botella 500 ml,2020-02-20,1333,LIDL
Botella 500 ml,2020-02-20,708,Mercadona
Botella 500 ml,2020-02-20,966,Carrefour
Botella 500 ml,2020-02-20,450,Aldi
Botella 1500ml,2020-02-20,1324,LIDL
Botella 1500ml,2020-02-20,665,Mercadona
Botella 1500ml,2020-02-20,1025,Carrefour
Botella 1500ml,2020-02-20,407,Aldi
Oikos Caramelo,2020-02-21,0,LIDL
Oikos Caramelo,2020-02-21,0,Mercadona
Oikos Caramelo,2020-02-21,0,Carrefour
Oikos Caramelo,2020-02-21,0,Aldi
Oikos Avellana,2020-02-21,1242,LIDL
Oikos Avellana,2020-02-21,709,Mercadona
Oikos Avellana,2020-02-21,1157,Carrefour
Oikos Avellana,2020-02-21,405,Aldi
4 Sabores,2020-02-21,1148,LIDL
4 Sabores,2020-02-21,728,Mercadona
4 Sabores,2020-02-21,1083,Carrefour
4 Sabores,2020-02-21,419,Aldi
Botella 500 ml,2020-02-21,1264,LIDL
Botella 500 ml,2020-02-21,814,Mercadona
Botella 500 ml,2020-02-21,1090,Carrefour
Botella 500 ml,2020-02-21,340,Aldi
Botella 1500ml,2020-02-21,1258,LIDL
Botella 1500ml,2020-02-21,767,Mercadona
Botella 1500ml,2020-02-21,1065,Carrefour
Botella 1500ml,2020-02-21,406,Aldi
Oikos Caramelo,2020-02-22,0,LIDL
Oikos Caramelo,2020-02-22,0,Mercadona
Oikos Caramelo,2020-02-22,0,Carrefour
Oikos Caramelo,2020-02-22,0,Aldi
Oikos Avellana,2020-02-22,1452,LIDL
Oikos Avellana,2020-02-22,601,Mercadona
Oikos Avellana,2020-02-22,1071,Carrefour
Oikos Avellana,2020-02-22,474,Aldi
4 Sabores,2020-02-22,1130,LIDL
4 Sabores,2020-02-22,807,Mercadona
4 Sabores,2020-02-22,967,Carrefour
4 Sabores,2020-02-22,358,Aldi
Botella 500 ml,2020-02-22,1358,LIDL
Botella 500 ml,2020-02-22,653,Mercadona
Botella 500 ml,2020-02-22,1076,Carrefour
Botella 500 ml,2020-02-22,337,Aldi
Botella 1500ml,2020-02-22,1275,LIDL
Botella 1500ml,2020-02-22,774,Mercadona
Botella 1500ml,2020-02-22,959,Carrefour
Botella 1500ml,2020-02-22,394,Aldi
Oikos Caramelo,2020-02-23,0,LIDL
Oikos Caramelo,2020-02-23,0,Mercadona
Oikos Caramelo,2020-02-23,0,Carrefour
Oikos Caramelo,2020-02-23,0,Aldi
Oikos Avellana,2020-02-23,1321,LIDL
Oikos Avellana,2020-02-23,784,Mercadona
Oikos Avellana,2020-02-23,782,Carrefour
Oikos Avellana,2020-02-23,419,Aldi
4 Sabores,2020-02-23,1104,LIDL
4 Sabores,2020-02-23,819,Mercadona
4 Sabores,2020-02-23,967,Carrefour
4 Sabores,2020-02-23,392,Aldi
Botella 500 ml,2020-02-23,1215,LIDL
Botella 500 ml,2020-02-23,681,Mercadona
Botella 500 ml,2020-02-23,1061,Carrefour
Botella 500 ml,2020-02-23,403,Aldi
Botella 1500ml,2020-02-23,1072,LIDL
Botella 1500ml,2020-02-23,795,Mercadona
Botella 1500ml,2020-02-23,912,Carrefour
Botella 1500ml,2020-02-23,355,Aldi
Oikos Caramelo,2020-02-24,0,LIDL
Oikos Caramelo,2020-02-24,0,Mercadona
Oikos Caramelo,2020-02-24,0,Carrefour
Oikos Caramelo,2020-02-24,0,Aldi
Oikos Avellana,2020-02-24,1299,LIDL
Oikos Avellana,2020-02-24,612,Mercadona
Oikos Avellana,2020-02-24,1033,Carrefour
Oikos Avellana,2020-02-24,388,Aldi
4 Sabores,2020-02-24,1095,LIDL
4 Sabores,2020-02-24,727,Mercadona
4 Sabores,2020-02-24,1013,Carrefour
4 Sabores,2020-02-24,381,Aldi
Botella 500 ml,2020-02-24,1351,LIDL
Botella 500 ml,2020-02-24,567,Mercadona
Botella 500 ml,2020-02-24,968,Carrefour
Botella 500 ml,2020-02-24,422,Aldi
Botella 1500ml,2020-02-24,1298,LIDL
Botella 1500ml,2020-02-24,591,Mercadona
Botella 1500ml,2020-02-24,1021,Carrefour
Botella 1500ml,2020-02-24,315,Aldi
Oikos Caramelo,2020-02-25,0,LIDL
Oikos Caramelo,2020-02-25,0,Mercadona
Oikos Caramelo,2020-02-25,0,Carrefour
Oikos Caramelo,2020-02-25,0,Aldi
Oikos Avellana,2020-02-25,1153,LIDL
Oikos Avellana,2020-02-25,658,Mercadona
Oikos Avellana,2020-02-25,1044,Carrefour
Oikos Avellana,2020-02-25,382,Aldi
4 Sabores,2020-02-25,1170,LIDL
4 Sabores,2020-02-25,590,Mercadona
4 Sabores,2020-02-25,1228,Carrefour
4 Sabores,2020-02-25,428,Aldi
Botella 500 ml,2020-02-25,1216,LIDL
Botella 500 ml,2020-02-25,822,Mercadona
Botella 500 ml,2020-02-25,986,Carrefour
Botella 500 ml,2020-02-25,374,Aldi
Botella 1500ml,2020-02-25,1197,LIDL
Botella 1500ml,2020-02-25,581,Mercadona
Botella 1500ml,2020-02-25,1002,Carrefour
Botella 1500ml,2020-02-25,346,Aldi
Oikos Caramelo,2020-02-26,0,LIDL
Oikos Caramelo,2020-02-26,0,Mercadona
Oikos Caramelo,2020-02-26,0,Carrefour
Oikos Caramelo,2020-02-26,0,Aldi
Oikos Avellana,2020-02-26,1034,LIDL
Oikos Avellana,2020-02-26,651,Mercadona
Oikos Avellana,2020-02-26,1104,Carrefour
Oikos Avellana,2020-02-26,383,Aldi
4 Sabores,2020-02-26,1035,LIDL
4 Sabores,2020-02-26,662,Mercadona
4 Sabores,2020-02-26,1147,Carrefour
4 Sabores,2020-02-26,454,Aldi
Botella 500 ml,2020-02-26,1208,LIDL
Botella 500 ml,2020-02-26,697,Mercadona
Botella 500 ml,2020-02-26,999,Carrefour
Botella 500 ml,2020-02-26,422,Aldi
Botella 1500ml,2020-02-26,1228,LIDL
Botella 1500ml,2020-02-26,690,Mercadona
Botella 1500ml,2020-02-26,1096,Carrefour
Botella 1500ml,2020-02-26,357,Aldi
Oikos Caramelo,2020-02-27,0,LIDL
Oikos Caramelo,2020-02-27,0,Mercadona
Oikos Caramelo,2020-02-27,0,Carrefour
Oikos Caramelo,2020-02-27,0,Aldi
Oikos Avellana,2020-02-27,1232,LIDL
Oikos Avellana,2020-02-27,719,Mercadona
Oikos Avellana,2020-02-27,1055,Carrefour
Oikos Avellana,2020-02-27,389,Aldi
4 Sabores,2020-02-27,1260,LIDL
4 Sabores,2020-02-27,712,Mercadona
4 Sabores,2020-02-27,829,Carrefour
4 Sabores,2020-02-27,404,Aldi
Botella 500 ml,2020-02-27,1335,LIDL
Botella 500 ml,2020-02-27,712,Mercadona
Botella 500 ml,2020-02-27,982,Carrefour
Botella 500 ml,2020-02-27,443,Aldi
Botella 1500ml,2020-02-27,1282,LIDL
Botella 1500ml,2020-02-27,669,Mercadona
Botella 1500ml,2020-02-27,922,Carrefour
Botella 1500ml,2020-02-27,406,Aldi
Oikos Caramelo,2020-02-28,0,LIDL
Oikos Caramelo,2020-02-28,0,Mercadona
Oikos Caramelo,2020-02-28,0,Carrefour
Oikos Caramelo,2020-02-28,0,Aldi
Oikos Avellana,2020-02-28,1141,LIDL
Oikos Avellana,2020-02-28,660,Mercadona
Oikos Avellana,2020-02-28,932,Carrefour
Oikos Avellana,2020-02-28,440,Aldi
4 Sabores,2020-02-28,1231,LIDL
4 Sabores,2020-02-28,754,Mercadona
4 Sabores,2020-02-28,1127,Carrefour
4 Sabores,2020-02-28,392,Aldi
Botella 500 ml,2020-02-28,1230,LIDL
Botella 500 ml,2020-02-28,753,Mercadona
Botella 500 ml,2020-02-28,960,Carrefour
Botella 500 ml,2020-02-28,442,Aldi
Botella 1500ml,2020-02-28,1106,LIDL
Botella 1500ml,2020-02-28,674,Mercadona
Botella 1500ml,2020-02-28,993,Carrefour
Botella 1500ml,2020-02-28,362,Aldi
Oikos Caramelo,2020-02-29,0,LIDL
Oikos Caramelo,2020-02-29,0,Mercadona
Oikos Caramelo,2020-02-29,0,Carrefour
Oikos Caramelo,2020-02-29,0,Aldi
Oikos Avellana,2020-02-29,1228,LIDL
Oikos Avellana,2020-02-29,697,Mercadona
Oikos Avellana,2020-02-29,1135,Carrefour
Oikos Avellana,2020-02-29,395,Aldi
4 Sabores,2020-02-29,1333,LIDL
4 Sabores,2020-02-29,768,Mercadona
4 Sabores,2020-02-29,875,Carrefour
4 Sabores,2020-02-29,401,Aldi
Botella 500 ml,2020-02-29,1027,LIDL
Botella 500 ml,2020-02-29,704,Mercadona
Botella 500 ml,2020-02-29,1107,Carrefour
Botella 500 ml,2020-02-29,436,Aldi
Botella 1500ml,2020-02-29,1296,LIDL
Botella 1500ml,2020-02-29,513,Mercadona
Botella 1500ml,2020-02-29,1013,Carrefour
Botella 1500ml,2020-02-29,404,Aldi
Oikos Caramelo,2020-03-01,0,LIDL
Oikos Caramelo,2020-03-01,0,Mercadona
Oikos Caramelo,2020-03-01,0,Carrefour
Oikos Caramelo,2020-03-01,0,Aldi
Oikos Avellana,2020-03-01,1098,LIDL
Oikos Avellana,2020-03-01,730,Mercadona
Oikos Avellana,2020-03-01,905,Carrefour
Oikos Avellana,2020-03-01,390,Aldi
4 Sabores,2020-03-01,992,LIDL
4 Sabores,2020-03-01,658,Mercadona
4 Sabores,2020-03-01,873,Carrefour
4 Sabores,2020-03-01,402,Aldi
Botella 500 ml,2020-03-01,1102,LIDL
Botella 500 ml,2020-03-01,786,Mercadona
Botella 500 ml,2020-03-01,1018,Carrefour
Botella 500 ml,2020-03-01,401,Aldi
Botella 1500ml,2020-03-01,958,LIDL
Botella 1500ml,2020-03-01,681,Mercadona
Botella 1500ml,2020-03-01,1001,Carrefour
Botella 1500ml,2020-03-01,428,Aldi
Oikos Caramelo,2020-03-02,0,LIDL
Oikos Caramelo,2020-03-02,0,Mercadona
Oikos Caramelo,2020-03-02,0,Carrefour
Oikos Caramelo,2020-03-02,0,Aldi
Oikos Avellana,2020-03-02,1048,LIDL
Oikos Avellana,2020-03-02,732,Mercadona
Oikos Avellana,2020-03-02,1091,Carrefour
Oikos Avellana,2020-03-02,422,Aldi
4 Sabores,2020-03-02,1189,LIDL
4 Sabores,2020-03-02,679,Mercadona
4 Sabores,2020-03-02,972,Carrefour
4 Sabores,2020-03-02,468,Aldi
Botella 500 ml,2020-03-02,1213,LIDL
Botella 500 ml,2020-03-02,732,Mercadona
Botella 500 ml,2020-03-02,902,Carrefour
Botella 500 ml,2020-03-02,424,Aldi
Botella 1500ml,2020-03-02,1383,LIDL
Botella 1500ml,2020-03-02,569,Mercadona
Botella 1500ml,2020-03-02,817,Carrefour
Botella 1500ml,2020-03-02,415,Aldi
Oikos Caramelo,2020-03-03,0,LIDL
Oikos Caramelo,2020-03-03,0,Mercadona
Oikos Caramelo,2020-03-03,0,Carrefour
Oikos Caramelo,2020-03-03,0,Aldi
Oikos Avellana,2020-03-03,1348,LIDL
Oikos Avellana,2020-03-03,785,Mercadona
Oikos Avellana,2020-03-03,1174,Carrefour
Oikos Avellana,2020-03-03,398,Aldi
4 Sabores,2020-03-03,1316,LIDL
4 Sabores,2020-03-03,710,Mercadona
4 Sabores,2020-03-03,916,Carrefour
4 Sabores,2020-03-03,374,Aldi
Botella 500 ml,2020-03-03,1394,LIDL
Botella 500 ml,2020-03-03,730,Mercadona
Botella 500 ml,2020-03-03,999,Carrefour
Botella 500 ml,2020-03-03,383,Aldi
Botella 1500ml,2020-03-03,1273,LIDL
Botella 1500ml,2020-03-03,664,Mercadona
Botella 1500ml,2020-03-03,924,Carrefour
Botella 1500ml,2020-03-03,376,Aldi
Oikos Caramelo,2020-03-04,0,LIDL
Oikos Caramelo,2020-03-04,0,Mercadona
Oikos Caramelo,2020-03-04,0,Carrefour
Oikos Caramelo,2020-03-04,0,Aldi
Oikos Avellana,2020-03-04,1340,LIDL
Oikos Avellana,2020-03-04,560,Mercadona
Oikos Avellana,2020-03-04,1054,Carrefour
Oikos Avellana,2020-03-04,412,Aldi
4 Sabores,2020-03-04,1153,LIDL
4 Sabores,2020-03-04,554,Mercadona
4 Sabores,2020-03-04,1059,Carrefour
4 Sabores,2020-03-04,418,Aldi
Botella 500 ml,2020-03-04,1218,LIDL
Botella 500 ml,2020-03-04,627,Mercadona
Botella 500 ml,2020-03-04,898,Carrefour
Botella 500 ml,2020-03-04,378,Aldi
Botella 1500ml,2020-03-04,1209,LIDL
Botella 1500ml,2020-03-04,683,Mercadona
Botella 1500ml,2020-03-04,889,Carrefour
Botella 1500ml,2020-03-04,396,Aldi
Oikos Caramelo,2020-03-05,0,LIDL
Oikos Caramelo,2020-03-05,0,Mercadona
Oikos Caramelo,2020-03-05,0,Carrefour
Oikos Caramelo,2020-03-05,0,Aldi
Oikos Avellana,2020-03-05,1369,LIDL
Oikos Avellana,2020-03-05,744,Mercadona
Oikos Avellana,2020-03-05,1099,Carrefour
Oikos Avellana,2020-03-05,384,Aldi
4 Sabores,2020-03-05,1185,LIDL
4 Sabores,2020-03-05,618,Mercadona
4 Sabores,2020-03-05,1071,Carrefour
4 Sabores,2020-03-05,382,Aldi
Botella 500 ml,2020-03-05,1513,LIDL
Botella 500 ml,2020-03-05,744,Mercadona
Botella 500 ml,2020-03-05,840,Carrefour
Botella 500 ml,2020-03-05,284,Aldi
Botella 1500ml,2020-03-05,1039,LIDL
Botella 1500ml,2020-03-05,642,Mercadona
Botella 1500ml,2020-03-05,1047,Carrefour
Botella 1500ml,2020-03-05,467,Aldi
Oikos Caramelo,2020-03-06,0,LIDL
Oikos Caramelo,2020-03-06,0,Mercadona
Oikos Caramelo,2020-03-06,0,Carrefour
Oikos Caramelo,2020-03-06,0,Aldi
Oikos Avellana,2020-03-06,1128,LIDL
Oikos Avellana,2020-03-06,723,Mercadona
Oikos Avellana,2020-03-06,996,Carrefour
Oikos Avellana,2020-03-06,406,Aldi
4 Sabores,2020-03-06,1219,LIDL
4 Sabores,2020-03-06,758,Mercadona
4 Sabores,2020-03-06,946,Carrefour
4 Sabores,2020-03-06,437,Aldi
Botella 500 ml,2020-03-06,1483,LIDL
Botella 500 ml,2020-03-06,805,Mercadona
Botella 500 ml,2020-03-06,1042,Carrefour
Botella 500 ml,2020-03-06,392,Aldi
Botella 1500ml,2020-03-06,964,LIDL
Botella 1500ml,2020-03-06,761,Mercadona
Botella 1500ml,2020-03-06,1072,Carrefour
Botella 1500ml,2020-03-06,362,Aldi
Oikos Caramelo,2020-03-07,0,LIDL
Oikos Caramelo,2020-03-07,0,Mercadona
Oikos Caramelo,2020-03-07,0,Carrefour
Oikos Caramelo,2020-03-07,0,Aldi
Oikos Avellana,2020-03-07,1281,LIDL
Oikos Avellana,2020-03-07,775,Mercadona
Oikos Avellana,2020-03-07,1140,Carrefour
Oikos Avellana,2020-03-07,371,Aldi
4 Sabores,2020-03-07,1074,LIDL
4 Sabores,2020-03-07,664,Mercadona
4 Sabores,2020-03-07,999,Carrefour
4 Sabores,2020-03-07,366,Aldi
Botella 500 ml,2020-03-07,1138,LIDL
Botella 500 ml,2020-03-07,742,Mercadona
Botella 500 ml,2020-03-07,1046,Carrefour
Botella 500 ml,2020-03-07,420,Aldi
Botella 1500ml,2020-03-07,918,LIDL
Botella 1500ml,2020-03-07,686,Mercadona
Botella 1500ml,2020-03-07,872,Carrefour
Botella 1500ml,2020-03-07,298,Aldi
Oikos Caramelo,2020-03-08,0,LIDL
Oikos Caramelo,2020-03-08,0,Mercadona
Oikos Caramelo,2020-03-08,0,Carrefour
Oikos Caramelo,2020-03-08,0,Aldi
Oikos Avellana,2020-03-08,1196,LIDL
Oikos Avellana,2020-03-08,691,Mercadona
Oikos Avellana,2020-03-08,919,Carrefour
Oikos Avellana,2020-03-08,452,Aldi
4 Sabores,2020-03-08,1189,LIDL
4 Sabores,2020-03-08,710,Mercadona
4 Sabores,2020-03-08,771,Carrefour
4 Sabores,2020-03-08,365,Aldi
Botella 500 ml,2020-03-08,1251,LIDL
Botella 500 ml,2020-03-08,678,Mercadona
Botella 500 ml,2020-03-08,1074,Carrefour
Botella 500 ml,2020-03-08,439,Aldi
Botella 1500ml,2020-03-08,1300,LIDL
Botella 1500ml,2020-03-08,680,Mercadona
Botella 1500ml,2020-03-08,1126,Carrefour
Botella 1500ml,2020-03-08,359,Aldi
Oikos Caramelo,2020-03-09,0,LIDL
Oikos Caramelo,2020-03-09,0,Mercadona
Oikos Caramelo,2020-03-09,0,Carrefour
Oikos Caramelo,2020-03-09,0,Aldi
Oikos Avellana,2020-03-09,1317,LIDL
Oikos Avellana,2020-03-09,618,Mercadona
Oikos Avellana,2020-03-09,1122,Carrefour
Oikos Avellana,2020-03-09,413,Aldi
4 Sabores,2020-03-09,1237,LIDL
4 Sabores,2020-03-09,677,Mercadona
4 Sabores,2020-03-09,953,Carrefour
4 Sabores,2020-03-09,422,Aldi
Botella 500 ml,2020-03-09,1191,LIDL
Botella 500 ml,2020-03-09,708,Mercadona
Botella 500 ml,2020-03-09,983,Carrefour
Botella 500 ml,2020-03-09,404,Aldi
Botella 1500ml,2020-03-09,1215,LIDL
Botella 1500ml,2020-03-09,674,Mercadona
Botella 1500ml,2020-03-09,1178,Carrefour
Botella 1500ml,2020-03-09,403,Aldi
Oikos Caramelo,2020-03-10,0,LIDL
Oikos Caramelo,2020-03-10,0,Mercadona
Oikos Caramelo,2020-03-10,0,Carrefour
Oikos Caramelo,2020-03-10,0,Aldi
Oikos Avellana,2020-03-10,1114,LIDL
Oikos Avellana,2020-03-10,635,Mercadona
Oikos Avellana,2020-03-10,963,Carrefour
Oikos Avellana,2020-03-10,453,Aldi
4 Sabores,2020-03-10,1183,LIDL
4 Sabores,2020-03-10,733,Mercadona
4 Sabores,2020-03-10,1005,Carrefour
4 Sabores,2020-03-10,427,Aldi
Botella 500 ml,2020-03-10,1310,LIDL
Botella 500 ml,2020-03-10,715,Mercadona
Botella 500 ml,2020-03-10,1082,Carrefour
Botella 500 ml,2020-03-10,416,Aldi
Botella 1500ml,2020-03-10,1148,LIDL
Botella 1500ml,2020-03-10,632,Mercadona
Botella 1500ml,2020-03-10,970,Carrefour
Botella 1500ml,2020-03-10,359,Aldi
Oikos Caramelo,2020-03-11,0,LIDL
Oikos Caramelo,2020-03-11,0,Mercadona
Oikos Caramelo,2020-03-11,0,Carrefour
Oikos Caramelo,2020-03-11,0,Aldi
Oikos Avellana,2020-03-11,1261,LIDL
Oikos Avellana,2020-03-11,737,Mercadona
Oikos Avellana,2020-03-11,1044,Carrefour
Oikos Avellana,2020-03-11,454,Aldi
4 Sabores,2020-03-11,1006,LIDL
4 Sabores,2020-03-11,700,Mercadona
4 Sabores,2020-03-11,994,Carrefour
4 Sabores,2020-03-11,398,Aldi
Botella 500 ml,2020-03-11,1106,LIDL
Botella 500 ml,2020-03-11,628,Mercadona
Botella 500 ml,2020-03-11,977,Carrefour
Botella 500 ml,2020-03-11,376,Aldi
Botella 1500ml,2020-03-11,1272,LIDL
Botella 1500ml,2020-03-11,751,Mercadona
Botella 1500ml,2020-03-11,779,Carrefour
Botella 1500ml,2020-03-11,490,Aldi
Oikos Caramelo,2020-03-12,0,LIDL
Oikos Caramelo,2020-03-12,0,Mercadona
Oikos Caramelo,2020-03-12,0,Carrefour
Oikos Caramelo,2020-03-12,0,Aldi
Oikos Avellana,2020-03-12,1288,LIDL
Oikos Avellana,2020-03-12,635,Mercadona
Oikos Avellana,2020-03-12,880,Carrefour
Oikos Avellana,2020-03-12,436,Aldi
4 Sabores,2020-03-12,1094,LIDL
4 Sabores,2020-03-12,701,Mercadona
4 Sabores,2020-03-12,1071,Carrefour
4 Sabores,2020-03-12,404,Aldi
Botella 500 ml,2020-03-12,1106,LIDL
Botella 500 ml,2020-03-12,723,Mercadona
Botella 500 ml,2020-03-12,971,Carrefour
Botella 500 ml,2020-03-12,323,Aldi
Botella 1500ml,2020-03-12,1106,LIDL
Botella 1500ml,2020-03-12,747,Mercadona
Botella 1500ml,2020-03-12,998,Carrefour
Botella 1500ml,2020-03-12,347,Aldi
Oikos Caramelo,2020-03-13,0,LIDL
Oikos Caramelo,2020-03-13,0,Mercadona
Oikos Caramelo,2020-03-13,0,Carrefour
Oikos Caramelo,2020-03-13,0,Aldi
Oikos Avellana,2020-03-13,1144,LIDL
Oikos Avellana,2020-03-13,703,Mercadona
Oikos Avellana,2020-03-13,989,Carrefour
Oikos Avellana,2020-03-13,346,Aldi
4 Sabores,2020-03-13,1400,LIDL
4 Sabores,2020-03-13,886,Mercadona
4 Sabores,2020-03-13,1045,Carrefour
4 Sabores,2020-03-13,454,Aldi
Botella 500 ml,2020-03-13,1170,LIDL
Botella 500 ml,2020-03-13,798,Mercadona
Botella 500 ml,2020-03-13,854,Carrefour
Botella 500 ml,2020-03-13,386,Aldi
Botella 1500ml,2020-03-13,1228,LIDL
Botella 1500ml,2020-03-13,716,Mercadona
Botella 1500ml,2020-03-13,698,Carrefour
Botella 1500ml,2020-03-13,369,Aldi
Oikos Caramelo,2020-03-14,0,LIDL
Oikos Caramelo,2020-03-14,0,Mercadona
Oikos Caramelo,2020-03-14,0,Carrefour
Oikos Caramelo,2020-03-14,0,Aldi
Oikos Avellana,2020-03-14,1152,LIDL
Oikos Avellana,2020-03-14,689,Mercadona
Oikos Avellana,2020-03-14,1042,Carrefour
Oikos Avellana,2020-03-14,405,Aldi
4 Sabores,2020-03-14,1351,LIDL
4 Sabores,2020-03-14,593,Mercadona
4 Sabores,2020-03-14,1040,Carrefour
4 Sabores,2020-03-14,402,Aldi
Botella 500 ml,2020-03-14,1164,LIDL
Botella 500 ml,2020-03-14,744,Mercadona
Botella 500 ml,2020-03-14,1040,Carrefour
Botella 500 ml,2020-03-14,374,Aldi
Botella 1500ml,2020-03-14,1280,LIDL
Botella 1500ml,2020-03-14,825,Mercadona
Botella 1500ml,2020-03-14,980,Carrefour
Botella 1500ml,2020-03-14,397,Aldi
Oikos Caramelo,2020-03-15,0,LIDL
Oikos Caramelo,2020-03-15,0,Mercadona
Oikos Caramelo,2020-03-15,0,Carrefour
Oikos Caramelo,2020-03-15,0,Aldi
Oikos Avellana,2020-03-15,1144,LIDL
Oikos Avellana,2020-03-15,751,Mercadona
Oikos Avellana,2020-03-15,1072,Carrefour
Oikos Avellana,2020-03-15,406,Aldi
4 Sabores,2020-03-15,1320,LIDL
4 Sabores,2020-03-15,577,Mercadona
4 Sabores,2020-03-15,884,Carrefour
4 Sabores,2020-03-15,361,Aldi
Botella 500 ml,2020-03-15,1084,LIDL
Botella 500 ml,2020-03-15,680,Mercadona
Botella 500 ml,2020-03-15,917,Carrefour
Botella 500 ml,2020-03-15,385,Aldi
Botella 1500ml,2020-03-15,1263,LIDL
Botella 1500ml,2020-03-15,570,Mercadona
Botella 1500ml,2020-03-15,975,Carrefour
Botella 1500ml,2020-03-15,386,Aldi
Oikos Caramelo,2020-03-16,0,LIDL
Oikos Caramelo,2020-03-16,0,Mercadona
Oikos Caramelo,2020-03-16,0,Carrefour
Oikos Caramelo,2020-03-16,0,Aldi
Oikos Avellana,2020-03-16,1260,LIDL
Oikos Avellana,2020-03-16,678,Mercadona
Oikos Avellana,2020-03-16,1010,Carrefour
Oikos Avellana,2020-03-16,410,Aldi
4 Sabores,2020-03-16,1016,LIDL
4 Sabores,2020-03-16,746,Mercadona
4 Sabores,2020-03-16,1068,Carrefour
4 Sabores,2020-03-16,379,Aldi
Botella 500 ml,2020-03-16,1080,LIDL
Botella 500 ml,2020-03-16,604,Mercadona
Botella 500 ml,2020-03-16,1115,Carrefour
Botella 500 ml,2020-03-16,369,Aldi
Botella 1500ml,2020-03-16,1281,LIDL
Botella 1500ml,2020-03-16,788,Mercadona
Botella 1500ml,2020-03-16,1112,Carrefour
Botella 1500ml,2020-03-16,380,Aldi
Oikos Caramelo,2020-03-17,0,LIDL
Oikos Caramelo,2020-03-17,0,Mercadona
Oikos Caramelo,2020-03-17,0,Carrefour
Oikos Caramelo,2020-03-17,0,Aldi
Oikos Avellana,2020-03-17,1063,LIDL
Oikos Avellana,2020-03-17,648,Mercadona
Oikos Avellana,2020-03-17,1041,Carrefour
Oikos Avellana,2020-03-17,462,Aldi
4 Sabores,2020-03-17,1381,LIDL
4 Sabores,2020-03-17,739,Mercadona
4 Sabores,2020-03-17,996,Carrefour
4 Sabores,2020-03-17,446,Aldi
Botella 500 ml,2020-03-17,1389,LIDL
Botella 500 ml,2020-03-17,699,Mercadona
Botella 500 ml,2020-03-17,1031,Carrefour
Botella 500 ml,2020-03-17,327,Aldi
Botella 1500ml,2020-03-17,1256,LIDL
Botella 1500ml,2020-03-17,722,Mercadona
Botella 1500ml,2020-03-17,970,Carrefour
Botella 1500ml,2020-03-17,397,Aldi
Oikos Caramelo,2020-03-18,0,LIDL
Oikos Caramelo,2020-03-18,0,Mercadona
Oikos Caramelo,2020-03-18,0,Carrefour
Oikos Caramelo,2020-03-18,0,Aldi
Oikos Avellana,2020-03-18,1020,LIDL
Oikos Avellana,2020-03-18,742,Mercadona
Oikos Avellana,2020-03-18,892,Carrefour
Oikos Avellana,2020-03-18,436,Aldi
4 Sabores,2020-03-18,1237,LIDL
4 Sabores,2020-03-18,651,Mercadona
4 Sabores,2020-03-18,953,Carrefour
4 Sabores,2020-03-18,402,Aldi
Botella 500 ml,2020-03-18,1184,LIDL
Botella 500 ml,2020-03-18,679,Mercadona
Botella 500 ml,2020-03-18,939,Carrefour
Botella 500 ml,2020-03-18,418,Aldi
Botella 1500ml,2020-03-18,1218,LIDL
Botella 1500ml,2020-03-18,849,Mercadona
Botella 1500ml,2020-03-18,1209,Carrefour
Botella 1500ml,2020-03-18,385,Aldi
Oikos Caramelo,2020-03-19,0,LIDL
Oikos Caramelo,2020-03-19,0,Mercadona
Oikos Caramelo,2020-03-19,0,Carrefour
Oikos Caramelo,2020-03-19,0,Aldi
Oikos Avellana,2020-03-19,1054,LIDL
Oikos Avellana,2020-03-19,812,Mercadona
Oikos Avellana,2020-03-19,1014,Carrefour
Oikos Avellana,2020-03-19,460,Aldi
4 Sabores,2020-03-19,1215,LIDL
4 Sabores,2020-03-19,757,Mercadona
4 Sabores,2020-03-19,1140,Carrefour
4 Sabores,2020-03-19,422,Aldi
Botella 500 ml,2020-03-19,1190,LIDL
Botella 500 ml,2020-03-19,752,Mercadona
Botella 500 ml,2020-03-19,917,Carrefour
Botella 500 ml,2020-03-19,441,Aldi
Botella 1500ml,2020-03-19,1387,LIDL
Botella 1500ml,2020-03-19,704,Mercadona
Botella 1500ml,2020-03-19,1158,Carrefour
Botella 1500ml,2020-03-19,401,Aldi
Oikos Caramelo,2020-03-20,0,LIDL
Oikos Caramelo,2020-03-20,0,Mercadona
Oikos Caramelo,2020-03-20,0,Carrefour
Oikos Caramelo,2020-03-20,0,Aldi
Oikos Avellana,2020-03-20,1244,LIDL
Oikos Avellana,2020-03-20,706,Mercadona
Oikos Avellana,2020-03-20,932,Carrefour
Oikos Avellana,2020-03-20,373,Aldi
4 Sabores,2020-03-20,1182,LIDL
4 Sabores,2020-03-20,784,Mercadona
4 Sabores,2020-03-20,976,Carrefour
4 Sabores,2020-03-20,396,Aldi
Botella 500 ml,2020-03-20,1177,LIDL
Botella 500 ml,2020-03-20,617,Mercadona
Botella 500 ml,2020-03-20,1066,Carrefour
Botella 500 ml,2020-03-20,356,Aldi
Botella 1500ml,2020-03-20,1256,LIDL
Botella 1500ml,2020-03-20,663,Mercadona
Botella 1500ml,2020-03-20,929,Carrefour
Botella 1500ml,2020-03-20,395,Aldi
Oikos Caramelo,2020-03-21,0,LIDL
Oikos Caramelo,2020-03-21,0,Mercadona
Oikos Caramelo,2020-03-21,0,Carrefour
Oikos Caramelo,2020-03-21,0,Aldi
Oikos Avellana,2020-03-21,1118,LIDL
Oikos Avellana,2020-03-21,639,Mercadona
Oikos Avellana,2020-03-21,874,Carrefour
Oikos Avellana,2020-03-21,452,Aldi
4 Sabores,2020-03-21,894,LIDL
4 Sabores,2020-03-21,703,Mercadona
4 Sabores,2020-03-21,1065,Carrefour
4 Sabores,2020-03-21,433,Aldi
Botella 500 ml,2020-03-21,1348,LIDL
Botella 500 ml,2020-03-21,752,Mercadona
Botella 500 ml,2020-03-21,1010,Carrefour
Botella 500 ml,2020-03-21,432,Aldi
Botella 1500ml,2020-03-21,1256,LIDL
Botella 1500ml,2020-03-21,627,Mercadona
Botella 1500ml,2020-03-21,971,Carrefour
Botella 1500ml,2020-03-21,412,Aldi
Oikos Caramelo,2020-03-22,0,LIDL
Oikos Caramelo,2020-03-22,0,Mercadona
Oikos Caramelo,2020-03-22,0,Carrefour
Oikos Caramelo,2020-03-22,0,Aldi
Oikos Avellana,2020-03-22,1142,LIDL
Oikos Avellana,2020-03-22,655,Mercadona
Oikos Avellana,2020-03-22,1072,Carrefour
Oikos Avellana,2020-03-22,425,Aldi
4 Sabores,2020-03-22,1226,LIDL
4 Sabores,2020-03-22,719,Mercadona
4 Sabores,2020-03-22,898,Carrefour
4 Sabores,2020-03-22,346,Aldi
Botella 500 ml,2020-03-22,1227,LIDL
Botella 500 ml,2020-03-22,680,Mercadona
Botella 500 ml,2020-03-22,946,Carrefour
Botella 500 ml,2020-03-22,366,Aldi
Botella 1500ml,2020-03-22,1254,LIDL
Botella 1500ml,2020-03-22,651,Mercadona
Botella 1500ml,2020-03-22,991,Carrefour
Botella 1500ml,2020-03-22,452,Aldi
Oikos Caramelo,2020-03-23,0,LIDL
Oikos Caramelo,2020-03-23,0,Mercadona
Oikos Caramelo,2020-03-23,0,Carrefour
Oikos Caramelo,2020-03-23,0,Aldi
Oikos Avellana,2020-03-23,1286,LIDL
Oikos Avellana,2020-03-23,664,Mercadona
Oikos Avellana,2020-03-23,748,Carrefour
Oikos Avellana,2020-03-23,382,Aldi
4 Sabores,2020-03-23,1206,LIDL
4 Sabores,2020-03-23,771,Mercadona
4 Sabores,2020-03-23,906,Carrefour
4 Sabores,2020-03-23,476,Aldi
Botella 500 ml,2020-03-23,1356,LIDL
Botella 500 ml,2020-03-23,801,Mercadona
Botella 500 ml,2020-03-23,938,Carrefour
Botella 500 ml,2020-03-23,484,Aldi
Botella 1500ml,2020-03-23,1263,LIDL
Botella 1500ml,2020-03-23,784,Mercadona
Botella 1500ml,2020-03-23,1052,Carrefour
Botella 1500ml,2020-03-23,413,Aldi
Oikos Caramelo,2020-03-24,0,LIDL
Oikos Caramelo,2020-03-24,0,Mercadona
Oikos Caramelo,2020-03-24,0,Carrefour
Oikos Caramelo,2020-03-24,0,Aldi
Oikos Avellana,2020-03-24,1312,LIDL
Oikos Avellana,2020-03-24,790,Mercadona
Oikos Avellana,2020-03-24,1154,Carrefour
Oikos Avellana,2020-03-24,388,Aldi
4 Sabores,2020-03-24,1276,LIDL
4 Sabores,2020-03-24,664,Mercadona
4 Sabores,2020-03-24,1154,Carrefour
4 Sabores,2020-03-24,364,Aldi
Botella 500 ml,2020-03-24,1165,LIDL
Botella 500 ml,2020-03-24,641,Mercadona
Botella 500 ml,2020-03-24,967,Carrefour
Botella 500 ml,2020-03-24,404,Aldi
Botella 1500ml,2020-03-24,1249,LIDL
Botella 1500ml,2020-03-24,688,Mercadona
Botella 1500ml,2020-03-24,1108,Carrefour
Botella 1500ml,2020-03-24,366,Aldi
Oikos Caramelo,2020-03-25,0,LIDL
Oikos Caramelo,2020-03-25,0,Mercadona
Oikos Caramelo,2020-03-25,0,Carrefour
Oikos Caramelo,2020-03-25,0,Aldi
Oikos Avellana,2020-03-25,1075,LIDL
Oikos Avellana,2020-03-25,686,Mercadona
Oikos Avellana,2020-03-25,937,Carrefour
Oikos Avellana,2020-03-25,409,Aldi
4 Sabores,2020-03-25,1239,LIDL
4 Sabores,2020-03-25,615,Mercadona
4 Sabores,2020-03-25,1051,Carrefour
4 Sabores,2020-03-25,402,Aldi
Botella 500 ml,2020-03-25,1329,LIDL
Botella 500 ml,2020-03-25,637,Mercadona
Botella 500 ml,2020-03-25,961,Carrefour
Botella 500 ml,2020-03-25,406,Aldi
Botella 1500ml,2020-03-25,1161,LIDL
Botella 1500ml,2020-03-25,790,Mercadona
Botella 1500ml,2020-03-25,1087,Carrefour
Botella 1500ml,2020-03-25,514,Aldi
Oikos Caramelo,2020-03-26,0,LIDL
Oikos Caramelo,2020-03-26,0,Mercadona
Oikos Caramelo,2020-03-26,0,Carrefour
Oikos Caramelo,2020-03-26,0,Aldi
Oikos Avellana,2020-03-26,1192,LIDL
Oikos Avellana,2020-03-26,727,Mercadona
Oikos Avellana,2020-03-26,1067,Carrefour
Oikos Avellana,2020-03-26,355,Aldi
4 Sabores,2020-03-26,1285,LIDL
4 Sabores,2020-03-26,781,Mercadona
4 Sabores,2020-03-26,1171,Carrefour
4 Sabores,2020-03-26,383,Aldi
Botella 500 ml,2020-03-26,1424,LIDL
Botella 500 ml,2020-03-26,777,Mercadona
Botella 500 ml,2020-03-26,1103,Carrefour
Botella 500 ml,2020-03-26,387,Aldi
Botella 1500ml,2020-03-26,1150,LIDL
Botella 1500ml,2020-03-26,601,Mercadona
Botella 1500ml,2020-03-26,1098,Carrefour
Botella 1500ml,2020-03-26,385,Aldi
Oikos Caramelo,2020-03-27,0,LIDL
Oikos Caramelo,2020-03-27,0,Mercadona
Oikos Caramelo,2020-03-27,0,Carrefour
Oikos Caramelo,2020-03-27,0,Aldi
Oikos Avellana,2020-03-27,1236,LIDL
Oikos Avellana,2020-03-27,726,Mercadona
Oikos Avellana,2020-03-27,1056,Carrefour
Oikos Avellana,2020-03-27,416,Aldi
4 Sabores,2020-03-27,1084,LIDL
4 Sabores,2020-03-27,648,Mercadona
4 Sabores,2020-03-27,988,Carrefour
4 Sabores,2020-03-27,426,Aldi
Botella 500 ml,2020-03-27,1065,LIDL
Botella 500 ml,2020-03-27,615,Mercadona
Botella 500 ml,2020-03-27,1125,Carrefour
Botella 500 ml,2020-03-27,353,Aldi
Botella 1500ml,2020-03-27,1093,LIDL
Botella 1500ml,2020-03-27,744,Mercadona
Botella 1500ml,2020-03-27,979,Carrefour
Botella 1500ml,2020-03-27,365,Aldi
Oikos Caramelo,2020-03-28,0,LIDL
Oikos Caramelo,2020-03-28,0,Mercadona
Oikos Caramelo,2020-03-28,0,Carrefour
Oikos Caramelo,2020-03-28,0,Aldi
Oikos Avellana,2020-03-28,1154,LIDL
Oikos Avellana,2020-03-28,672,Mercadona
Oikos Avellana,2020-03-28,958,Carrefour
Oikos Avellana,2020-03-28,384,Aldi
4 Sabores,2020-03-28,1130,LIDL
4 Sabores,2020-03-28,566,Mercadona
4 Sabores,2020-03-28,992,Carrefour
4 Sabores,2020-03-28,448,Aldi
Botella 500 ml,2020-03-28,1249,LIDL
Botella 500 ml,2020-03-28,719,Mercadona
Botella 500 ml,2020-03-28,1008,Carrefour
Botella 500 ml,2020-03-28,385,Aldi
Botella 1500ml,2020-03-28,1390,LIDL
Botella 1500ml,2020-03-28,796,Mercadona
Botella 1500ml,2020-03-28,974,Carrefour
Botella 1500ml,2020-03-28,443,Aldi
Oikos Caramelo,2020-03-29,0,LIDL
Oikos Caramelo,2020-03-29,0,Mercadona
Oikos Caramelo,2020-03-29,0,Carrefour
Oikos Caramelo,2020-03-29,0,Aldi
Oikos Avellana,2020-03-29,904,LIDL
Oikos Avellana,2020-03-29,711,Mercadona
Oikos Avellana,2020-03-29,1007,Carrefour
Oikos Avellana,2020-03-29,458,Aldi
4 Sabores,2020-03-29,1036,LIDL
4 Sabores,2020-03-29,674,Mercadona
4 Sabores,2020-03-29,962,Carrefour
4 Sabores,2020-03-29,399,Aldi
Botella 500 ml,2020-03-29,1326,LIDL
Botella 500 ml,2020-03-29,617,Mercadona
Botella 500 ml,2020-03-29,1186,Carrefour
Botella 500 ml,2020-03-29,436,Aldi
Botella 1500ml,2020-03-29,1266,LIDL
Botella 1500ml,2020-03-29,750,Mercadona
Botella 1500ml,2020-03-29,889,Carrefour
Botella 1500ml,2020-03-29,422,Aldi
Oikos Caramelo,2020-03-30,0,LIDL
Oikos Caramelo,2020-03-30,0,Mercadona
Oikos Caramelo,2020-03-30,0,Carrefour
Oikos Caramelo,2020-03-30,0,Aldi
Oikos Avellana,2020-03-30,1190,LIDL
Oikos Avellana,2020-03-30,792,Mercadona
Oikos Avellana,2020-03-30,951,Carrefour
Oikos Avellana,2020-03-30,397,Aldi
4 Sabores,2020-03-30,1100,LIDL
4 Sabores,2020-03-30,742,Mercadona
4 Sabores,2020-03-30,1037,Carrefour
4 Sabores,2020-03-30,396,Aldi
Botella 500 ml,2020-03-30,1191,LIDL
Botella 500 ml,2020-03-30,733,Mercadona
Botella 500 ml,2020-03-30,1088,Carrefour
Botella 500 ml,2020-03-30,380,Aldi
Botella 1500ml,2020-03-30,1069,LIDL
Botella 1500ml,2020-03-30,700,Mercadona
Botella 1500ml,2020-03-30,1048,Carrefour
Botella 1500ml,2020-03-30,327,Aldi
Oikos Caramelo,2020-03-31,0,LIDL
Oikos Caramelo,2020-03-31,0,Mercadona
Oikos Caramelo,2020-03-31,0,Carrefour
Oikos Caramelo,2020-03-31,0,Aldi
Oikos Avellana,2020-03-31,1185,LIDL
Oikos Avellana,2020-03-31,694,Mercadona
Oikos Avellana,2020-03-31,1017,Carrefour
Oikos Avellana,2020-03-31,424,Aldi
4 Sabores,2020-03-31,1401,LIDL
4 Sabores,2020-03-31,750,Mercadona
4 Sabores,2020-03-31,907,Carrefour
4 Sabores,2020-03-31,459,Aldi
Botella 500 ml,2020-03-31,1227,LIDL
Botella 500 ml,2020-03-31,703,Mercadona
Botella 500 ml,2020-03-31,1064,Carrefour
Botella 500 ml,2020-03-31,397,Aldi
Botella 1500ml,2020-03-31,1176,LIDL
Botella 1500ml,2020-03-31,693,Mercadona
Botella 1500ml,2020-03-31,1010,Carrefour
Botella 1500ml,2020-03-31,340,Aldi
Oikos Caramelo,2020-04-01,3408,LIDL
Oikos Caramelo,2020-04-01,637,Mercadona
Oikos Caramelo,2020-04-01,1032,Carrefour
Oikos Caramelo,2020-04-01,345,Aldi
Oikos Avellana,2020-04-01,1126,LIDL
Oikos Avellana,2020-04-01,805,Mercadona
Oikos Avellana,2020-04-01,1168,Carrefour
Oikos Avellana,2020-04-01,433,Aldi
4 Sabores,2020-04-01,1306,LIDL
4 Sabores,2020-04-01,779,Mercadona
4 Sabores,2020-04-01,955,Carrefour
4 Sabores,2020-04-01,390,Aldi
Botella 500 ml,2020-04-01,1071,LIDL
Botella 500 ml,2020-04-01,750,Mercadona
Botella 500 ml,2020-04-01,928,Carrefour
Botella 500 ml,2020-04-01,424,Aldi
Botella 1500ml,2020-04-01,1183,LIDL
Botella 1500ml,2020-04-01,756,Mercadona
Botella 1500ml,2020-04-01,1105,Carrefour
Botella 1500ml,2020-04-01,402,Aldi
Oikos Caramelo,2020-04-02,1806,LIDL
Oikos Caramelo,2020-04-02,693,Mercadona
Oikos Caramelo,2020-04-02,1006,Carrefour
Oikos Caramelo,2020-04-02,433,Aldi
Oikos Avellana,2020-04-02,1123,LIDL
Oikos Avellana,2020-04-02,726,Mercadona
Oikos Avellana,2020-04-02,908,Carrefour
Oikos Avellana,2020-04-02,416,Aldi
4 Sabores,2020-04-02,957,LIDL
4 Sabores,2020-04-02,747,Mercadona
4 Sabores,2020-04-02,1172,Carrefour
4 Sabores,2020-04-02,365,Aldi
Botella 500 ml,2020-04-02,1152,LIDL
Botella 500 ml,2020-04-02,829,Mercadona
Botella 500 ml,2020-04-02,874,Carrefour
Botella 500 ml,2020-04-02,388,Aldi
Botella 1500ml,2020-04-02,1124,LIDL
Botella 1500ml,2020-04-02,643,Mercadona
Botella 1500ml,2020-04-02,990,Carrefour
Botella 1500ml,2020-04-02,410,Aldi
Oikos Caramelo,2020-04-03,1128,LIDL
Oikos Caramelo,2020-04-03,742,Mercadona
Oikos Caramelo,2020-04-03,986,Carrefour
Oikos Caramelo,2020-04-03,470,Aldi
Oikos Avellana,2020-04-03,1394,LIDL
Oikos Avellana,2020-04-03,724,Mercadona
Oikos Avellana,2020-04-03,1172,Carrefour
Oikos Avellana,2020-04-03,388,Aldi
4 Sabores,2020-04-03,1080,LIDL
4 Sabores,2020-04-03,723,Mercadona
4 Sabores,2020-04-03,1005,Carrefour
4 Sabores,2020-04-03,349,Aldi
Botella 500 ml,2020-04-03,1216,LIDL
Botella 500 ml,2020-04-03,611,Mercadona
Botella 500 ml,2020-04-03,947,Carrefour
Botella 500 ml,2020-04-03,429,Aldi
Botella 1500ml,2020-04-03,1231,LIDL
Botella 1500ml,2020-04-03,799,Mercadona
Botella 1500ml,2020-04-03,931,Carrefour
Botella 1500ml,2020-04-03,454,Aldi
Oikos Caramelo,2020-04-04,1348,LIDL
Oikos Caramelo,2020-04-04,645,Mercadona
Oikos Caramelo,2020-04-04,1074,Carrefour
Oikos Caramelo,2020-04-04,392,Aldi
Oikos Avellana,2020-04-04,1218,LIDL
Oikos Avellana,2020-04-04,554,Mercadona
Oikos Avellana,2020-04-04,937,Carrefour
Oikos Avellana,2020-04-04,382,Aldi
4 Sabores,2020-04-04,1344,LIDL
4 Sabores,2020-04-04,750,Mercadona
4 Sabores,2020-04-04,912,Carrefour
4 Sabores,2020-04-04,369,Aldi
Botella 500 ml,2020-04-04,1027,LIDL
Botella 500 ml,2020-04-04,797,Mercadona
Botella 500 ml,2020-04-04,1059,Carrefour
Botella 500 ml,2020-04-04,432,Aldi
Botella 1500ml,2020-04-04,1228,LIDL
Botella 1500ml,2020-04-04,803,Mercadona
Botella 1500ml,2020-04-04,1114,Carrefour
Botella 1500ml,2020-04-04,374,Aldi
Oikos Caramelo,2020-04-05,1260,LIDL
Oikos Caramelo,2020-04-05,651,Mercadona
Oikos Caramelo,2020-04-05,911,Carrefour
Oikos Caramelo,2020-04-05,378,Aldi
Oikos Avellana,2020-04-05,1036,LIDL
Oikos Avellana,2020-04-05,739,Mercadona
Oikos Avellana,2020-04-05,1155,Carrefour
Oikos Avellana,2020-04-05,371,Aldi
4 Sabores,2020-04-05,1273,LIDL
4 Sabores,2020-04-05,717,Mercadona
4 Sabores,2020-04-05,1106,Carrefour
4 Sabores,2020-04-05,399,Aldi
Botella 500 ml,2020-04-05,1120,LIDL
Botella 500 ml,2020-04-05,702,Mercadona
Botella 500 ml,2020-04-05,871,Carrefour
Botella 500 ml,2020-04-05,408,Aldi
Botella 1500ml,2020-04-05,1207,LIDL
Botella 1500ml,2020-04-05,812,Mercadona
Botella 1500ml,2020-04-05,1101,Carrefour
Botella 1500ml,2020-04-05,302,Aldi
Oikos Caramelo,2020-04-06,1191,LIDL
Oikos Caramelo,2020-04-06,777,Mercadona
Oikos Caramelo,2020-04-06,1099,Carrefour
Oikos Caramelo,2020-04-06,450,Aldi
Oikos Avellana,2020-04-06,800,LIDL
Oikos Avellana,2020-04-06,643,Mercadona
Oikos Avellana,2020-04-06,1184,Carrefour
Oikos Avellana,2020-04-06,440,Aldi
4 Sabores,2020-04-06,1305,LIDL
4 Sabores,2020-04-06,648,Mercadona
4 Sabores,2020-04-06,959,Carrefour
4 Sabores,2020-04-06,328,Aldi
Botella 500 ml,2020-04-06,1198,LIDL
Botella 500 ml,2020-04-06,770,Mercadona
Botella 500 ml,2020-04-06,871,Carrefour
Botella 500 ml,2020-04-06,396,Aldi
Botella 1500ml,2020-04-06,1279,LIDL
Botella 1500ml,2020-04-06,606,Mercadona
Botella 1500ml,2020-04-06,846,Carrefour
Botella 1500ml,2020-04-06,390,Aldi
Oikos Caramelo,2020-04-07,1327,LIDL
Oikos Caramelo,2020-04-07,736,Mercadona
Oikos Caramelo,2020-04-07,1135,Carrefour
Oikos Caramelo,2020-04-07,415,Aldi
Oikos Avellana,2020-04-07,1332,LIDL
Oikos Avellana,2020-04-07,721,Mercadona
Oikos Avellana,2020-04-07,1033,Carrefour
Oikos Avellana,2020-04-07,438,Aldi
4 Sabores,2020-04-07,1156,LIDL
4 Sabores,2020-04-07,679,Mercadona
4 Sabores,2020-04-07,923,Carrefour
4 Sabores,2020-04-07,445,Aldi
Botella 500 ml,2020-04-07,1443,LIDL
Botella 500 ml,2020-04-07,609,Mercadona
Botella 500 ml,2020-04-07,1012,Carrefour
Botella 500 ml,2020-04-07,414,Aldi
Botella 1500ml,2020-04-07,1344,LIDL
Botella 1500ml,2020-04-07,616,Mercadona
Botella 1500ml,2020-04-07,1093,Carrefour
Botella 1500ml,2020-04-07,450,Aldi
Oikos Caramelo,2020-04-08,1228,LIDL
Oikos Caramelo,2020-04-08,853,Mercadona
Oikos Caramelo,2020-04-08,1130,Carrefour
Oikos Caramelo,2020-04-08,437,Aldi
Oikos Avellana,2020-04-08,1119,LIDL
Oikos Avellana,2020-04-08,856,Mercadona
Oikos Avellana,2020-04-08,940,Carrefour
Oikos Avellana,2020-04-08,401,Aldi
4 Sabores,2020-04-08,1166,LIDL
4 Sabores,2020-04-08,636,Mercadona
4 Sabores,2020-04-08,1223,Carrefour
4 Sabores,2020-04-08,401,Aldi
Botella 500 ml,2020-04-08,1034,LIDL
Botella 500 ml,2020-04-08,585,Mercadona
Botella 500 ml,2020-04-08,1198,Carrefour
Botella 500 ml,2020-04-08,504,Aldi
Botella 1500ml,2020-04-08,1447,LIDL
Botella 1500ml,2020-04-08,576,Mercadona
Botella 1500ml,2020-04-08,959,Carrefour
Botella 1500ml,2020-04-08,443,Aldi
Oikos Caramelo,2020-04-09,1156,LIDL
Oikos Caramelo,2020-04-09,716,Mercadona
Oikos Caramelo,2020-04-09,1115,Carrefour
Oikos Caramelo,2020-04-09,476,Aldi
Oikos Avellana,2020-04-09,1158,LIDL
Oikos Avellana,2020-04-09,626,Mercadona
Oikos Avellana,2020-04-09,1017,Carrefour
Oikos Avellana,2020-04-09,365,Aldi
4 Sabores,2020-04-09,1200,LIDL
4 Sabores,2020-04-09,787,Mercadona
4 Sabores,2020-04-09,1072,Carrefour
4 Sabores,2020-04-09,414,Aldi
Botella 500 ml,2020-04-09,1237,LIDL
Botella 500 ml,2020-04-09,728,Mercadona
Botella 500 ml,2020-04-09,807,Carrefour
Botella 500 ml,2020-04-09,342,Aldi
Botella 1500ml,2020-04-09,1316,LIDL
Botella 1500ml,2020-04-09,612,Mercadona
Botella 1500ml,2020-04-09,866,Carrefour
Botella 1500ml,2020-04-09,342,Aldi
Oikos Caramelo,2020-04-10,1126,LIDL
Oikos Caramelo,2020-04-10,778,Mercadona
Oikos Caramelo,2020-04-10,1100,Carrefour
Oikos Caramelo,2020-04-10,354,Aldi
Oikos Avellana,2020-04-10,1368,LIDL
Oikos Avellana,2020-04-10,658,Mercadona
Oikos Avellana,2020-04-10,959,Carrefour
Oikos Avellana,2020-04-10,471,Aldi
4 Sabores,2020-04-10,1000,LIDL
4 Sabores,2020-04-10,602,Mercadona
4 Sabores,2020-04-10,976,Carrefour
4 Sabores,2020-04-10,433,Aldi
Botella 500 ml,2020-04-10,1266,LIDL
Botella 500 ml,2020-04-10,777,Mercadona
Botella 500 ml,2020-04-10,1040,Carrefour
Botella 500 ml,2020-04-10,479,Aldi
Botella 1500ml,2020-04-10,1198,LIDL
Botella 1500ml,2020-04-10,728,Mercadona
Botella 1500ml,2020-04-10,961,Carrefour
Botella 1500ml,2020-04-10,425,Aldi
Oikos Caramelo,2020-04-11,1200,LIDL
Oikos Caramelo,2020-04-11,743,Mercadona
Oikos Caramelo,2020-04-11,1084,Carrefour
Oikos Caramelo,2020-04-11,385,Aldi
Oikos Avellana,2020-04-11,1360,LIDL
Oikos Avellana,2020-04-11,732,Mercadona
Oikos Avellana,2020-04-11,1051,Carrefour
Oikos Avellana,2020-04-11,422,Aldi
4 Sabores,2020-04-11,1236,LIDL
4 Sabores,2020-04-11,665,Mercadona
4 Sabores,2020-04-11,1042,Carrefour
4 Sabores,2020-04-11,383,Aldi
Botella 500 ml,2020-04-11,1198,LIDL
Botella 500 ml,2020-04-11,753,Mercadona
Botella 500 ml,2020-04-11,969,Carrefour
Botella 500 ml,2020-04-11,422,Aldi
Botella 1500ml,2020-04-11,1035,LIDL
Botella 1500ml,2020-04-11,680,Mercadona
Botella 1500ml,2020-04-11,948,Carrefour
Botella 1500ml,2020-04-11,350,Aldi
Oikos Caramelo,2020-04-12,1212,LIDL
Oikos Caramelo,2020-04-12,756,Mercadona
Oikos Caramelo,2020-04-12,891,Carrefour
Oikos Caramelo,2020-04-12,288,Aldi
Oikos Avellana,2020-04-12,1322,LIDL
Oikos Avellana,2020-04-12,552,Mercadona
Oikos Avellana,2020-04-12,1200,Carrefour
Oikos Avellana,2020-04-12,320,Aldi
4 Sabores,2020-04-12,1034,LIDL
4 Sabores,2020-04-12,629,Mercadona
4 Sabores,2020-04-12,1077,Carrefour
4 Sabores,2020-04-12,376,Aldi
Botella 500 ml,2020-04-12,1137,LIDL
Botella 500 ml,2020-04-12,726,Mercadona
Botella 500 ml,2020-04-12,1119,Carrefour
Botella 500 ml,2020-04-12,414,Aldi
Botella 1500ml,2020-04-12,1262,LIDL
Botella 1500ml,2020-04-12,773,Mercadona
Botella 1500ml,2020-04-12,1154,Carrefour
Botella 1500ml,2020-04-12,465,Aldi
Oikos Caramelo,2020-04-13,1434,LIDL
Oikos Caramelo,2020-04-13,751,Mercadona
Oikos Caramelo,2020-04-13,1154,Carrefour
Oikos Caramelo,2020-04-13,399,Aldi
Oikos Avellana,2020-04-13,1041,LIDL
Oikos Avellana,2020-04-13,657,Mercadona
Oikos Avellana,2020-04-13,1003,Carrefour
Oikos Avellana,2020-04-13,446,Aldi
4 Sabores,2020-04-13,1034,LIDL
4 Sabores,2020-04-13,779,Mercadona
4 Sabores,2020-04-13,1174,Carrefour
4 Sabores,2020-04-13,366,Aldi
Botella 500 ml,2020-04-13,1017,LIDL
Botella 500 ml,2020-04-13,703,Mercadona
Botella 500 ml,2020-04-13,814,Carrefour
Botella 500 ml,2020-04-13,385,Aldi
Botella 1500ml,2020-04-13,1096,LIDL
Botella 1500ml,2020-04-13,717,Mercadona
Botella 1500ml,2020-04-13,983,Carrefour
Botella 1500ml,2020-04-13,463,Aldi
Oikos Caramelo,2020-04-14,1281,LIDL
Oikos Caramelo,2020-04-14,791,Mercadona
Oikos Caramelo,2020-04-14,901,Carrefour
Oikos Caramelo,2020-04-14,446,Aldi
Oikos Avellana,2020-04-14,1144,LIDL
Oikos Avellana,2020-04-14,691,Mercadona
Oikos Avellana,2020-04-14,1071,Carrefour
Oikos Avellana,2020-04-14,413,Aldi
4 Sabores,2020-04-14,1261,LIDL
4 Sabores,2020-04-14,817,Mercadona
4 Sabores,2020-04-14,1144,Carrefour
4 Sabores,2020-04-14,356,Aldi
Botella 500 ml,2020-04-14,1328,LIDL
Botella 500 ml,2020-04-14,769,Mercadona
Botella 500 ml,2020-04-14,1080,Carrefour
Botella 500 ml,2020-04-14,429,Aldi
Botella 1500ml,2020-04-14,1238,LIDL
Botella 1500ml,2020-04-14,748,Mercadona
Botella 1500ml,2020-04-14,900,Carrefour
Botella 1500ml,2020-04-14,384,Aldi
Oikos Caramelo,2020-04-15,1154,LIDL
Oikos Caramelo,2020-04-15,580,Mercadona
Oikos Caramelo,2020-04-15,957,Carrefour
Oikos Caramelo,2020-04-15,330,Aldi
Oikos Avellana,2020-04-15,1394,LIDL
Oikos Avellana,2020-04-15,778,Mercadona
Oikos Avellana,2020-04-15,1116,Carrefour
Oikos Avellana,2020-04-15,386,Aldi
4 Sabores,2020-04-15,1094,LIDL
4 Sabores,2020-04-15,700,Mercadona
4 Sabores,2020-04-15,951,Carrefour
4 Sabores,2020-04-15,407,Aldi
Botella 500 ml,2020-04-15,1422,LIDL
Botella 500 ml,2020-04-15,619,Mercadona
Botella 500 ml,2020-04-15,1030,Carrefour
Botella 500 ml,2020-04-15,446,Aldi
Botella 1500ml,2020-04-15,1078,LIDL
Botella 1500ml,2020-04-15,625,Mercadona
Botella 1500ml,2020-04-15,975,Carrefour
Botella 1500ml,2020-04-15,352,Aldi
Oikos Caramelo,2020-04-16,1132,LIDL
Oikos Caramelo,2020-04-16,797,Mercadona
Oikos Caramelo,2020-04-16,1092,Carrefour
Oikos Caramelo,2020-04-16,396,Aldi
Oikos Avellana,2020-04-16,1336,LIDL
Oikos Avellana,2020-04-16,651,Mercadona
Oikos Avellana,2020-04-16,1082,Carrefour
Oikos Avellana,2020-04-16,419,Aldi
4 Sabores,2020-04-16,1240,LIDL
4 Sabores,2020-04-16,763,Mercadona
4 Sabores,2020-04-16,1003,Carrefour
4 Sabores,2020-04-16,339,Aldi
Botella 500 ml,2020-04-16,1125,LIDL
Botella 500 ml,2020-04-16,576,Mercadona
Botella 500 ml,2020-04-16,1060,Carrefour
Botella 500 ml,2020-04-16,359,Aldi
Botella 1500ml,2020-04-16,1308,LIDL
Botella 1500ml,2020-04-16,741,Mercadona
Botella 1500ml,2020-04-16,870,Carrefour
Botella 1500ml,2020-04-16,381,Aldi
Oikos Caramelo,2020-04-17,1071,LIDL
Oikos Caramelo,2020-04-17,767,Mercadona
Oikos Caramelo,2020-04-17,1011,Carrefour
Oikos Caramelo,2020-04-17,389,Aldi
Oikos Avellana,2020-04-17,1233,LIDL
Oikos Avellana,2020-04-17,794,Mercadona
Oikos Avellana,2020-04-17,969,Carrefour
Oikos Avellana,2020-04-17,436,Aldi
4 Sabores,2020-04-17,1302,LIDL
4 Sabores,2020-04-17,833,Mercadona
4 Sabores,2020-04-17,1095,Carrefour
4 Sabores,2020-04-17,411,Aldi
Botella 500 ml,2020-04-17,1435,LIDL
Botella 500 ml,2020-04-17,646,Mercadona
Botella 500 ml,2020-04-17,977,Carrefour
Botella 500 ml,2020-04-17,403,Aldi
Botella 1500ml,2020-04-17,1365,LIDL
Botella 1500ml,2020-04-17,724,Mercadona
Botella 1500ml,2020-04-17,1065,Carrefour
Botella 1500ml,2020-04-17,350,Aldi
Oikos Caramelo,2020-04-18,1351,LIDL
Oikos Caramelo,2020-04-18,760,Mercadona
Oikos Caramelo,2020-04-18,940,Carrefour
Oikos Caramelo,2020-04-18,393,Aldi
Oikos Avellana,2020-04-18,1244,LIDL
Oikos Avellana,2020-04-18,597,Mercadona
Oikos Avellana,2020-04-18,1056,Carrefour
Oikos Avellana,2020-04-18,411,Aldi
4 Sabores,2020-04-18,1090,LIDL
4 Sabores,2020-04-18,676,Mercadona
4 Sabores,2020-04-18,948,Carrefour
4 Sabores,2020-04-18,375,Aldi
Botella 500 ml,2020-04-18,1033,LIDL
Botella 500 ml,2020-04-18,481,Mercadona
Botella 500 ml,2020-04-18,1024,Carrefour
Botella 500 ml,2020-04-18,319,Aldi
Botella 1500ml,2020-04-18,1167,LIDL
Botella 1500ml,2020-04-18,664,Mercadona
Botella 1500ml,2020-04-18,942,Carrefour
Botella 1500ml,2020-04-18,426,Aldi
Oikos Caramelo,2020-04-19,1204,LIDL
Oikos Caramelo,2020-04-19,791,Mercadona
Oikos Caramelo,2020-04-19,1059,Carrefour
Oikos Caramelo,2020-04-19,398,Aldi
Oikos Avellana,2020-04-19,1204,LIDL
Oikos Avellana,2020-04-19,775,Mercadona
Oikos Avellana,2020-04-19,931,Carrefour
Oikos Avellana,2020-04-19,414,Aldi
4 Sabores,2020-04-19,1047,LIDL
4 Sabores,2020-04-19,775,Mercadona
4 Sabores,2020-04-19,953,Carrefour
4 Sabores,2020-04-19,453,Aldi
Botella 500 ml,2020-04-19,1308,LIDL
Botella 500 ml,2020-04-19,735,Mercadona
Botella 500 ml,2020-04-19,974,Carrefour
Botella 500 ml,2020-04-19,390,Aldi
Botella 1500ml,2020-04-19,1426,LIDL
Botella 1500ml,2020-04-19,731,Mercadona
Botella 1500ml,2020-04-19,1194,Carrefour
Botella 1500ml,2020-04-19,389,Aldi
Oikos Caramelo,2020-04-20,1162,LIDL
Oikos Caramelo,2020-04-20,628,Mercadona
Oikos Caramelo,2020-04-20,1070,Carrefour
Oikos Caramelo,2020-04-20,390,Aldi
Oikos Avellana,2020-04-20,1298,LIDL
Oikos Avellana,2020-04-20,661,Mercadona
Oikos Avellana,2020-04-20,1040,Carrefour
Oikos Avellana,2020-04-20,367,Aldi
4 Sabores,2020-04-20,1018,LIDL
4 Sabores,2020-04-20,693,Mercadona
4 Sabores,2020-04-20,895,Carrefour
4 Sabores,2020-04-20,301,Aldi
Botella 500 ml,2020-04-20,1136,LIDL
Botella 500 ml,2020-04-20,850,Mercadona
Botella 500 ml,2020-04-20,1003,Carrefour
Botella 500 ml,2020-04-20,390,Aldi
Botella 1500ml,2020-04-20,1314,LIDL
Botella 1500ml,2020-04-20,699,Mercadona
Botella 1500ml,2020-04-20,1027,Carrefour
Botella 1500ml,2020-04-20,345,Aldi
Oikos Caramelo,2020-04-21,1053,LIDL
Oikos Caramelo,2020-04-21,632,Mercadona
Oikos Caramelo,2020-04-21,1065,Carrefour
Oikos Caramelo,2020-04-21,445,Aldi
Oikos Avellana,2020-04-21,1366,LIDL
Oikos Avellana,2020-04-21,753,Mercadona
Oikos Avellana,2020-04-21,990,Carrefour
Oikos Avellana,2020-04-21,433,Aldi
4 Sabores,2020-04-21,1333,LIDL
4 Sabores,2020-04-21,891,Mercadona
4 Sabores,2020-04-21,987,Carrefour
4 Sabores,2020-04-21,384,Aldi
Botella 500 ml,2020-04-21,1290,LIDL
Botella 500 ml,2020-04-21,697,Mercadona
Botella 500 ml,2020-04-21,962,Carrefour
Botella 500 ml,2020-04-21,390,Aldi
Botella 1500ml,2020-04-21,1060,LIDL
Botella 1500ml,2020-04-21,618,Mercadona
Botella 1500ml,2020-04-21,855,Carrefour
Botella 1500ml,2020-04-21,389,Aldi
Oikos Caramelo,2020-04-22,1058,LIDL
Oikos Caramelo,2020-04-22,590,Mercadona
Oikos Caramelo,2020-04-22,1035,Carrefour
Oikos Caramelo,2020-04-22,402,Aldi
Oikos Avellana,2020-04-22,1164,LIDL
Oikos Avellana,2020-04-22,750,Mercadona
Oikos Avellana,2020-04-22,934,Carrefour
Oikos Avellana,2020-04-22,478,Aldi
4 Sabores,2020-04-22,1185,LIDL
4 Sabores,2020-04-22,734,Mercadona
4 Sabores,2020-04-22,878,Carrefour
4 Sabores,2020-04-22,337,Aldi
Botella 500 ml,2020-04-22,1020,LIDL
Botella 500 ml,2020-04-22,719,Mercadona
Botella 500 ml,2020-04-22,1049,Carrefour
Botella 500 ml,2020-04-22,381,Aldi
Botella 1500ml,2020-04-22,1383,LIDL
Botella 1500ml,2020-04-22,678,Mercadona
Botella 1500ml,2020-04-22,1054,Carrefour
Botella 1500ml,2020-04-22,368,Aldi
Oikos Caramelo,2020-04-23,2424,LIDL
Oikos Caramelo,2020-04-23,621,Mercadona
Oikos Caramelo,2020-04-23,984,Carrefour
Oikos Caramelo,2020-04-23,400,Aldi
Oikos Avellana,2020-04-23,1179,LIDL
Oikos Avellana,2020-04-23,594,Mercadona
Oikos Avellana,2020-04-23,1118,Carrefour
Oikos Avellana,2020-04-23,420,Aldi
4 Sabores,2020-04-23,1108,LIDL
4 Sabores,2020-04-23,738,Mercadona
4 Sabores,2020-04-23,1194,Carrefour
4 Sabores,2020-04-23,481,Aldi
Botella 500 ml,2020-04-23,1213,LIDL
Botella 500 ml,2020-04-23,774,Mercadona
Botella 500 ml,2020-04-23,1157,Carrefour
Botella 500 ml,2020-04-23,384,Aldi
Botella 1500ml,2020-04-23,1251,LIDL
Botella 1500ml,2020-04-23,613,Mercadona
Botella 1500ml,2020-04-23,1038,Carrefour
Botella 1500ml,2020-04-23,418,Aldi
Oikos Caramelo,2020-04-24,2960,LIDL
Oikos Caramelo,2020-04-24,609,Mercadona
Oikos Caramelo,2020-04-24,998,Carrefour
Oikos Caramelo,2020-04-24,461,Aldi
Oikos Avellana,2020-04-24,1174,LIDL
Oikos Avellana,2020-04-24,662,Mercadona
Oikos Avellana,2020-04-24,896,Carrefour
Oikos Avellana,2020-04-24,488,Aldi
4 Sabores,2020-04-24,1194,LIDL
4 Sabores,2020-04-24,760,Mercadona
4 Sabores,2020-04-24,1005,Carrefour
4 Sabores,2020-04-24,439,Aldi
Botella 500 ml,2020-04-24,1168,LIDL
Botella 500 ml,2020-04-24,679,Mercadona
Botella 500 ml,2020-04-24,928,Carrefour
Botella 500 ml,2020-04-24,426,Aldi
Botella 1500ml,2020-04-24,1147,LIDL
Botella 1500ml,2020-04-24,722,Mercadona
Botella 1500ml,2020-04-24,919,Carrefour
Botella 1500ml,2020-04-24,397,Aldi
Oikos Caramelo,2020-04-25,2404,LIDL
Oikos Caramelo,2020-04-25,652,Mercadona
Oikos Caramelo,2020-04-25,1156,Carrefour
Oikos Caramelo,2020-04-25,357,Aldi
Oikos Avellana,2020-04-25,1183,LIDL
Oikos Avellana,2020-04-25,660,Mercadona
Oikos Avellana,2020-04-25,931,Carrefour
Oikos Avellana,2020-04-25,413,Aldi
4 Sabores,2020-04-25,1286,LIDL
4 Sabores,2020-04-25,690,Mercadona
4 Sabores,2020-04-25,997,Carrefour
4 Sabores,2020-04-25,408,Aldi
Botella 500 ml,2020-04-25,1180,LIDL
Botella 500 ml,2020-04-25,623,Mercadona
Botella 500 ml,2020-04-25,976,Carrefour
Botella 500 ml,2020-04-25,432,Aldi
Botella 1500ml,2020-04-25,1143,LIDL
Botella 1500ml,2020-04-25,802,Mercadona
Botella 1500ml,2020-04-25,1011,Carrefour
Botella 1500ml,2020-04-25,436,Aldi
Oikos Caramelo,2020-04-26,1830,LIDL
Oikos Caramelo,2020-04-26,687,Mercadona
Oikos Caramelo,2020-04-26,944,Carrefour
Oikos Caramelo,2020-04-26,372,Aldi
Oikos Avellana,2020-04-26,1240,LIDL
Oikos Avellana,2020-04-26,678,Mercadona
Oikos Avellana,2020-04-26,1098,Carrefour
Oikos Avellana,2020-04-26,432,Aldi
4 Sabores,2020-04-26,1006,LIDL
4 Sabores,2020-04-26,781,Mercadona
4 Sabores,2020-04-26,988,Carrefour
4 Sabores,2020-04-26,398,Aldi
Botella 500 ml,2020-04-26,1328,LIDL
Botella 500 ml,2020-04-26,643,Mercadona
Botella 500 ml,2020-04-26,1061,Carrefour
Botella 500 ml,2020-04-26,434,Aldi
Botella 1500ml,2020-04-26,1255,LIDL
Botella 1500ml,2020-04-26,772,Mercadona
Botella 1500ml,2020-04-26,989,Carrefour
Botella 1500ml,2020-04-26,358,Aldi
Oikos Caramelo,2020-04-27,1224,LIDL
Oikos Caramelo,2020-04-27,707,Mercadona
Oikos Caramelo,2020-04-27,1026,Carrefour
Oikos Caramelo,2020-04-27,470,Aldi
Oikos Avellana,2020-04-27,1232,LIDL
Oikos Avellana,2020-04-27,629,Mercadona
Oikos Avellana,2020-04-27,1018,Carrefour
Oikos Avellana,2020-04-27,410,Aldi
4 Sabores,2020-04-27,1281,LIDL
4 Sabores,2020-04-27,782,Mercadona
4 Sabores,2020-04-27,1212,Carrefour
4 Sabores,2020-04-27,511,Aldi
Botella 500 ml,2020-04-27,1137,LIDL
Botella 500 ml,2020-04-27,549,Mercadona
Botella 500 ml,2020-04-27,908,Carrefour
Botella 500 ml,2020-04-27,338,Aldi
Botella 1500ml,2020-04-27,1270,LIDL
Botella 1500ml,2020-04-27,809,Mercadona
Botella 1500ml,2020-04-27,852,Carrefour
Botella 1500ml,2020-04-27,407,Aldi
Oikos Caramelo,2020-04-28,1327,LIDL
Oikos Caramelo,2020-04-28,590,Mercadona
Oikos Caramelo,2020-04-28,1218,Carrefour
Oikos Caramelo,2020-04-28,406,Aldi
Oikos Avellana,2020-04-28,1026,LIDL
Oikos Avellana,2020-04-28,742,Mercadona
Oikos Avellana,2020-04-28,1107,Carrefour
Oikos Avellana,2020-04-28,394,Aldi
4 Sabores,2020-04-28,1185,LIDL
4 Sabores,2020-04-28,681,Mercadona
4 Sabores,2020-04-28,989,Carrefour
4 Sabores,2020-04-28,355,Aldi
Botella 500 ml,2020-04-28,962,LIDL
Botella 500 ml,2020-04-28,784,Mercadona
Botella 500 ml,2020-04-28,1112,Carrefour
Botella 500 ml,2020-04-28,433,Aldi
Botella 1500ml,2020-04-28,1024,LIDL
Botella 1500ml,2020-04-28,656,Mercadona
Botella 1500ml,2020-04-28,997,Carrefour
Botella 1500ml,2020-04-28,437,Aldi
Oikos Caramelo,2020-04-29,1221,LIDL
Oikos Caramelo,2020-04-29,717,Mercadona
Oikos Caramelo,2020-04-29,877,Carrefour
Oikos Caramelo,2020-04-29,440,Aldi
Oikos Avellana,2020-04-29,1004,LIDL
Oikos Avellana,2020-04-29,692,Mercadona
Oikos Avellana,2020-04-29,946,Carrefour
Oikos Avellana,2020-04-29,406,Aldi
4 Sabores,2020-04-29,1094,LIDL
4 Sabores,2020-04-29,697,Mercadona
4 Sabores,2020-04-29,903,Carrefour
4 Sabores,2020-04-29,453,Aldi
Botella 500 ml,2020-04-29,1297,LIDL
Botella 500 ml,2020-04-29,669,Mercadona
Botella 500 ml,2020-04-29,1086,Carrefour
Botella 500 ml,2020-04-29,381,Aldi
Botella 1500ml,2020-04-29,1264,LIDL
Botella 1500ml,2020-04-29,670,Mercadona
Botella 1500ml,2020-04-29,1051,Carrefour
Botella 1500ml,2020-04-29,426,Aldi
Oikos Caramelo,2020-04-30,1191,LIDL
Oikos Caramelo,2020-04-30,644,Mercadona
Oikos Caramelo,2020-04-30,1021,Carrefour
Oikos Caramelo,2020-04-30,414,Aldi
Oikos Avellana,2020-04-30,1284,LIDL
Oikos Avellana,2020-04-30,758,Mercadona
Oikos Avellana,2020-04-30,894,Carrefour
Oikos Avellana,2020-04-30,368,Aldi
4 Sabores,2020-04-30,1256,LIDL
4 Sabores,2020-04-30,655,Mercadona
4 Sabores,2020-04-30,796,Carrefour
4 Sabores,2020-04-30,456,Aldi
Botella 500 ml,2020-04-30,1178,LIDL
Botella 500 ml,2020-04-30,823,Mercadona
Botella 500 ml,2020-04-30,1032,Carrefour
Botella 500 ml,2020-04-30,454,Aldi
Botella 1500ml,2020-04-30,1186,LIDL
Botella 1500ml,2020-04-30,732,Mercadona
Botella 1500ml,2020-04-30,987,Carrefour
Botella 1500ml,2020-04-30,409,Aldi
